,model,pooling,type_pooling,agg,layer,epochs,out_vec_size,qtd_layers,nhid,params,best_layers,STS12,STS13,STS14,STS15,STS16,STSBenchmark,SICKRelatedness,avg_tasks
0,allmpnet,CLS_LYR-1,simple,CLS,LYR-1,4,"torch.Size([63, 768])",12,0,batch-64-nhid-0-inlayer-0,NORMAL,34.27407759515302,18.758562172550416,26.561395687745836,38.17537163222374,37.69159665817329,40.81394358213313,60.380267295754486,36.66503066053342
1,allmpnet,AVG_LYR-1,simple,AVG,LYR-1,4,"torch.Size([63, 768])",12,0,batch-64-nhid-0-inlayer-0,NORMAL,58.228420138159855,59.67976102126647,67.94268030084565,74.90630773008546,72.0023091784832,73.60363635898992,83.41163977243045,69.96782207146586
2,allmpnet,SUM_LYR-1,simple,SUM,LYR-1,4,"torch.Size([63, 768])",12,0,batch-64-nhid-0-inlayer-0,NORMAL,58.22842017578813,59.67976126855688,67.94268052392377,74.90630755483923,72.00231140234375,63.24304463666381,81.56912058214738,68.22452087775186
3,allmpnet,MAX_LYR-1,simple,MAX,LYR-1,4,"torch.Size([63, 768])",12,0,batch-64-nhid-0-inlayer-0,NORMAL,57.39716883683019,50.69886187911475,65.13983167751411,65.9019563989695,64.9720004063149,71.39523723826949,82.76812264979738,65.46759701240147
4,allmpnet,AVG-NS_LYR-1,simple-ns,AVG-NS,LYR-1,4,"torch.Size([63, 768])",12,0,batch-64-nhid-0-inlayer-0,NORMAL,59.63902408643457,63.62098372524356,70.72745943488889,76.14024102738259,71.652510379074,73.99347880722216,80.88405042493272,70.95110684073977
5,allmpnet,SUM-NS_LYR-1,simple-ns,SUM-NS,LYR-1,4,"torch.Size([63, 768])",12,0,batch-64-nhid-0-inlayer-0,NORMAL,59.639024792747286,63.620985007239085,70.72745904367056,76.14024028826087,71.65250996042236,65.84812165823865,78.64246756404467,69.4672583306605
6,allmpnet,MAX-NS_LYR-1,simple-ns,MAX-NS,LYR-1,4,"torch.Size([63, 768])",12,0,batch-64-nhid-0-inlayer-0,NORMAL,54.38679008540763,43.22391615761981,61.135902623894935,60.91148038910956,53.64543028469053,66.96537920623544,78.22793968297493,59.78526263284755
7,allmpnet,CLS_LYR-2,simple,CLS,LYR-2,4,"torch.Size([63, 768])",12,0,batch-64-nhid-0-inlayer-0,NORMAL,24.367795964986847,14.188293653935698,21.74623104382405,16.146489506687494,23.90810200401429,50.44580711183431,60.79500897239595,30.228246893954093
8,allmpnet,AVG_LYR-2,simple,AVG,LYR-2,4,"torch.Size([63, 768])",12,0,batch-64-nhid-0-inlayer-0,NORMAL,55.52702374397829,58.48740634862715,65.89004687900353,73.29897808619673,69.92264339876742,74.11671036548502,84.48619251833456,68.81842876291324
9,allmpnet,SUM_LYR-2,simple,SUM,LYR-2,4,"torch.Size([63, 768])",12,0,batch-64-nhid-0-inlayer-0,NORMAL,55.52702378405668,58.48740502707347,65.89004943848322,73.29897658558352,69.92264312953147,60.70537866357901,81.63344817345757,66.49498925739498
10,allmpnet,MAX_LYR-2,simple,MAX,LYR-2,4,"torch.Size([63, 768])",12,0,batch-64-nhid-0-inlayer-0,NORMAL,54.89925363722234,48.01858596733,64.04271323800107,64.89850460341697,62.02206273361094,71.19105771298705,83.30977450070951,64.05456462761113
11,allmpnet,AVG-NS_LYR-2,simple-ns,AVG-NS,LYR-2,4,"torch.Size([63, 768])",12,0,batch-64-nhid-0-inlayer-0,NORMAL,58.35075019108365,64.86315475272096,69.85990369946904,75.40519318488664,71.8803304003861,75.12617530269485,81.9974687116362,71.06899660612534
12,allmpnet,SUM-NS_LYR-2,simple-ns,SUM-NS,LYR-2,4,"torch.Size([63, 768])",12,0,batch-64-nhid-0-inlayer-0,NORMAL,58.350749829384654,64.86315317180065,69.85990370650362,75.40519252392109,71.88032984682526,64.33562705872002,79.96265678624877,69.23680184620058
13,allmpnet,MAX-NS_LYR-2,simple-ns,MAX-NS,LYR-2,4,"torch.Size([63, 768])",12,0,batch-64-nhid-0-inlayer-0,NORMAL,52.81042147662463,39.060979320807405,58.87921725361387,56.66194457251699,53.387932898298615,67.41867688077276,79.38073646201556,58.22855840923569
14,allmpnet,CLS_LYR-3,simple,CLS,LYR-3,4,"torch.Size([63, 768])",12,0,batch-64-nhid-0-inlayer-0,NORMAL,37.85920701944755,27.07023768255339,36.09946848051515,31.22882198906988,39.884134494177786,60.71275132271585,76.40063074129309,44.17932167568181
15,allmpnet,AVG_LYR-3,simple,AVG,LYR-3,4,"torch.Size([63, 768])",12,0,batch-64-nhid-0-inlayer-0,NORMAL,55.80274788887666,59.04515560013096,65.21645183422258,73.29790693862734,69.78504609452642,76.1344722529759,84.75272561771837,69.14778660386833
16,allmpnet,SUM_LYR-3,simple,SUM,LYR-3,4,"torch.Size([63, 768])",12,0,batch-64-nhid-0-inlayer-0,NORMAL,55.80274796302954,59.045156288676445,65.21645144680498,73.29790681724629,69.78504388801103,60.86894492314931,80.78755542590568,66.40054382183189
17,allmpnet,MAX_LYR-3,simple,MAX,LYR-3,4,"torch.Size([63, 768])",12,0,batch-64-nhid-0-inlayer-0,NORMAL,55.89159707676482,48.0660866708477,64.90350076048797,65.99551627264499,64.73660552544015,72.15775359048733,83.84364249271768,65.08495748419867
18,allmpnet,AVG-NS_LYR-3,simple-ns,AVG-NS,LYR-3,4,"torch.Size([63, 768])",12,0,batch-64-nhid-0-inlayer-0,NORMAL,58.85947882125605,66.67423411875318,69.35803105511512,75.38039046990106,72.08342898219541,75.9460204528663,83.07873426526207,71.62575973790703
19,allmpnet,SUM-NS_LYR-3,simple-ns,SUM-NS,LYR-3,4,"torch.Size([63, 768])",12,0,batch-64-nhid-0-inlayer-0,NORMAL,58.85947846551611,66.67423391233442,69.35803072472268,75.38038976958563,72.08342894255122,67.09367846071626,81.20068987492452,70.09284716433584
20,allmpnet,MAX-NS_LYR-3,simple-ns,MAX-NS,LYR-3,4,"torch.Size([63, 768])",12,0,batch-64-nhid-0-inlayer-0,NORMAL,54.100520202255055,41.68070366640899,60.77654710872861,59.952144182148295,55.65905851791351,68.79076552651982,80.72274271944308,60.24035456048819
21,allmpnet,CLS_LYR-4,simple,CLS,LYR-4,4,"torch.Size([63, 768])",12,0,batch-64-nhid-0-inlayer-0,NORMAL,18.34696674775217,15.272109268431016,16.27783042546652,14.762152468628807,18.82005854376786,58.80654282039003,78.00266013129922,31.46976005796223
22,allmpnet,AVG_LYR-4,simple,AVG,LYR-4,4,"torch.Size([63, 768])",12,0,batch-64-nhid-0-inlayer-0,NORMAL,57.94052577483762,60.19316660474819,65.86077660343567,74.03241941404684,71.00472361281254,77.04051525696549,85.09413313004544,70.16660862812739
23,allmpnet,SUM_LYR-4,simple,SUM,LYR-4,4,"torch.Size([63, 768])",12,0,batch-64-nhid-0-inlayer-0,NORMAL,57.94052752144603,60.19316687963189,65.86077809015583,74.03241986489346,71.00472340156807,63.17860483642112,80.29904552719647,67.50132373161613
24,allmpnet,MAX_LYR-4,simple,MAX,LYR-4,4,"torch.Size([63, 768])",12,0,batch-64-nhid-0-inlayer-0,NORMAL,59.07336962734215,51.56207695853588,66.99121809929038,68.60684560470011,69.20807262633669,72.54588604763555,84.79033127217282,67.53968574800194
25,allmpnet,AVG-NS_LYR-4,simple-ns,AVG-NS,LYR-4,4,"torch.Size([63, 768])",12,0,batch-64-nhid-0-inlayer-0,NORMAL,59.84448268665966,66.64513946298986,69.23432420415669,75.48040764747913,72.94033325469759,76.419003054101,83.94925997494333,72.07327861214675
26,allmpnet,SUM-NS_LYR-4,simple-ns,SUM-NS,LYR-4,4,"torch.Size([63, 768])",12,0,batch-64-nhid-0-inlayer-0,NORMAL,59.84448041425057,66.64513992715783,69.23432384627945,75.48040727485684,72.94033387844732,66.22265921026332,82.23606410474473,70.37191552228572
27,allmpnet,MAX-NS_LYR-4,simple-ns,MAX-NS,LYR-4,4,"torch.Size([63, 768])",12,0,batch-64-nhid-0-inlayer-0,NORMAL,54.846523104090686,38.647711497836674,58.84626897407568,54.42918978291852,55.55843226214612,69.71982279135159,81.87570512003863,59.13195050463684
28,allmpnet,CLS_LYR-5,simple,CLS,LYR-5,4,"torch.Size([63, 768])",12,0,batch-64-nhid-0-inlayer-0,NORMAL,12.503935344563384,2.3359834744298027,10.826418228241051,3.2425645653131068,8.006403613615417,45.30254102650143,71.32091738499447,21.934109091094093
29,allmpnet,AVG_LYR-5,simple,AVG,LYR-5,4,"torch.Size([63, 768])",12,0,batch-64-nhid-0-inlayer-0,NORMAL,58.9094069409561,60.04873965169102,65.72567820231107,74.30489376122725,72.11409499961314,78.2075997943952,85.03047432426409,70.62012681063683
30,allmpnet,SUM_LYR-5,simple,SUM,LYR-5,4,"torch.Size([63, 768])",12,0,batch-64-nhid-0-inlayer-0,NORMAL,58.9094074874689,60.048741347548784,65.72567761831839,74.30489437651613,72.11409646806385,62.67541031920519,80.49691940682305,67.75359243199203
31,allmpnet,MAX_LYR-5,simple,MAX,LYR-5,4,"torch.Size([63, 768])",12,0,batch-64-nhid-0-inlayer-0,NORMAL,59.8366898394132,51.94640155568894,67.33874473583371,69.36209169189802,70.85784512859718,73.49499147485196,84.99408068778695,68.26154930201
32,allmpnet,AVG-NS_LYR-5,simple-ns,AVG-NS,LYR-5,4,"torch.Size([63, 768])",12,0,batch-64-nhid-0-inlayer-0,NORMAL,60.97722639280292,66.76530194272067,69.12218148391798,75.576463429841,73.35266556101298,76.12864638845105,84.58524328736925,72.35824692658798
33,allmpnet,SUM-NS_LYR-5,simple-ns,SUM-NS,LYR-5,4,"torch.Size([63, 768])",12,0,batch-64-nhid-0-inlayer-0,NORMAL,60.97722826226018,66.76530156408357,69.12218218194796,75.57646382475886,73.35266546681926,64.77896893087882,82.45240087261611,70.43217301476639
34,allmpnet,MAX-NS_LYR-5,simple-ns,MAX-NS,LYR-5,4,"torch.Size([63, 768])",12,0,batch-64-nhid-0-inlayer-0,NORMAL,56.63310752862992,42.20245284829532,61.8448635085984,60.431714136124725,58.84433041448547,69.75210342214447,83.41055198387645,61.87416054887925
35,allmpnet,CLS_LYR-6,simple,CLS,LYR-6,4,"torch.Size([63, 768])",12,0,batch-64-nhid-0-inlayer-0,NORMAL,14.943833657464944,1.0888854843154054,11.04239699139728,5.164051440656806,14.808837086660178,43.54374777611021,54.67610777609227,20.752551458956727
36,allmpnet,AVG_LYR-6,simple,AVG,LYR-6,4,"torch.Size([63, 768])",12,0,batch-64-nhid-0-inlayer-0,NORMAL,59.4835068739497,58.99369720557877,65.19903047921889,73.41079478753116,73.2205722924417,78.42246798673862,85.49247440887464,70.60322057633336
37,allmpnet,SUM_LYR-6,simple,SUM,LYR-6,4,"torch.Size([63, 768])",12,0,batch-64-nhid-0-inlayer-0,NORMAL,59.483507285298806,58.99369539595264,65.19903088357815,73.41079461775333,73.22057475925786,57.505868052204455,81.65241977420446,67.06655582403566
38,allmpnet,MAX_LYR-6,simple,MAX,LYR-6,4,"torch.Size([63, 768])",12,0,batch-64-nhid-0-inlayer-0,NORMAL,59.99788643455059,52.37557389090162,67.5984276660485,70.09474525385018,71.80858507377599,74.90292023644827,85.49978631443757,68.89684641000181
39,allmpnet,AVG-NS_LYR-6,simple-ns,AVG-NS,LYR-6,4,"torch.Size([63, 768])",12,0,batch-64-nhid-0-inlayer-0,NORMAL,61.599878930421696,66.16679479280117,69.08558142257517,75.0986796388075,73.5890578631068,76.55216941724316,85.43977222925008,72.50456204202936
40,allmpnet,SUM-NS_LYR-6,simple-ns,SUM-NS,LYR-6,4,"torch.Size([63, 768])",12,0,batch-64-nhid-0-inlayer-0,NORMAL,61.59987760826519,66.16679499100756,69.08558085819104,75.09867973530659,73.58905758047743,66.99015512888117,83.97924318594268,70.92991272686739
41,allmpnet,MAX-NS_LYR-6,simple-ns,MAX-NS,LYR-6,4,"torch.Size([63, 768])",12,0,batch-64-nhid-0-inlayer-0,NORMAL,56.80152978290456,42.61511509671691,61.86414213720912,60.72477835854203,59.31531664710116,71.6068331518248,84.30951197513401,62.46246102134752
42,allmpnet,CLS_LYR-7,simple,CLS,LYR-7,4,"torch.Size([63, 768])",12,0,batch-64-nhid-0-inlayer-0,NORMAL,15.23071353026076,2.0231057227039417,10.578976144333152,5.483561139952354,16.55703053534306,45.198316461916725,55.62036530315579,21.527438405380824
43,allmpnet,AVG_LYR-7,simple,AVG,LYR-7,4,"torch.Size([63, 768])",12,0,batch-64-nhid-0-inlayer-0,NORMAL,57.871924044360576,53.73796030797264,62.77866318977951,72.30493572901484,71.41933013883072,79.35059137716753,85.80535965630672,69.03839492049036
44,allmpnet,SUM_LYR-7,simple,SUM,LYR-7,4,"torch.Size([63, 768])",12,0,batch-64-nhid-0-inlayer-0,NORMAL,57.8719243563507,53.73795707287611,62.77866119331429,72.30493579551106,71.41932939524276,57.946088008736055,81.78482495704066,65.40624582558166
45,allmpnet,MAX_LYR-7,simple,MAX,LYR-7,4,"torch.Size([63, 768])",12,0,batch-64-nhid-0-inlayer-0,NORMAL,58.976206566437625,51.13971247443789,66.3151598850843,69.46676097846807,71.64690433397645,76.30565466683362,85.69437137012372,68.5063957536231
46,allmpnet,AVG-NS_LYR-7,simple-ns,AVG-NS,LYR-7,4,"torch.Size([63, 768])",12,0,batch-64-nhid-0-inlayer-0,NORMAL,61.676168264864415,64.03831338941325,68.09267997520371,74.90213333741971,72.93920171487409,76.8342851069761,85.84426734915209,72.04672130541476
47,allmpnet,SUM-NS_LYR-7,simple-ns,SUM-NS,LYR-7,4,"torch.Size([63, 768])",12,0,batch-64-nhid-0-inlayer-0,NORMAL,61.67616828307047,64.03831227288268,68.09267932493852,74.90213298931114,72.93920117294674,66.7797502257731,83.96441971865985,70.34180914108322
48,allmpnet,MAX-NS_LYR-7,simple-ns,MAX-NS,LYR-7,4,"torch.Size([63, 768])",12,0,batch-64-nhid-0-inlayer-0,NORMAL,57.08117138801241,43.53715389835327,61.996328778602695,63.28271797122944,59.39455659096063,71.97513206289258,84.17909083611808,63.06373593230988
49,allmpnet,CLS_LYR-8,simple,CLS,LYR-8,4,"torch.Size([63, 768])",12,0,batch-64-nhid-0-inlayer-0,NORMAL,13.0168851914873,-3.652877907673693,8.593041228361427,2.6497145577315906,8.30472887487916,41.54583394733106,70.07286707612776,20.07574185260637
50,allmpnet,AVG_LYR-8,simple,AVG,LYR-8,4,"torch.Size([63, 768])",12,0,batch-64-nhid-0-inlayer-0,NORMAL,59.9543536492894,54.025889855188645,64.2760638595326,73.29189177046452,73.24486589942235,79.90541460518827,85.6370578520791,70.04793392730927
51,allmpnet,SUM_LYR-8,simple,SUM,LYR-8,4,"torch.Size([63, 768])",12,0,batch-64-nhid-0-inlayer-0,NORMAL,59.95435133722437,54.025888637314445,64.2760631771503,73.29189150445377,73.2448661832467,67.28884566180174,81.93908615168274,67.7172846646963
52,allmpnet,MAX_LYR-8,simple,MAX,LYR-8,4,"torch.Size([63, 768])",12,0,batch-64-nhid-0-inlayer-0,NORMAL,59.64877092225296,52.420625684216624,66.8628640435742,70.0691562565747,72.45859640116372,76.6644887280401,85.50549535817265,69.08999962771357
53,allmpnet,AVG-NS_LYR-8,simple-ns,AVG-NS,LYR-8,4,"torch.Size([63, 768])",12,0,batch-64-nhid-0-inlayer-0,NORMAL,62.42152576178028,64.15178980848572,68.96794188394084,75.28123566006573,73.60427965414465,77.42776363070492,85.77995947947714,72.51921369694276
54,allmpnet,SUM-NS_LYR-8,simple-ns,SUM-NS,LYR-8,4,"torch.Size([63, 768])",12,0,batch-64-nhid-0-inlayer-0,NORMAL,62.42152533906442,64.15178969523018,68.96794123448336,75.28123564228217,73.60427961217273,69.40968044741226,83.42075903549197,71.03674442944815
55,allmpnet,MAX-NS_LYR-8,simple-ns,MAX-NS,LYR-8,4,"torch.Size([63, 768])",12,0,batch-64-nhid-0-inlayer-0,NORMAL,57.49716618525858,45.14746733663932,62.880699997901125,64.39891160078741,60.68199141196502,72.750052725949,84.17025342174293,63.93236324003477
56,allmpnet,CLS_LYR-9,simple,CLS,LYR-9,4,"torch.Size([63, 768])",12,0,batch-64-nhid-0-inlayer-0,NORMAL,16.170819567657322,-2.2802897161458158,12.834482642885323,11.88597647998277,18.63986466885898,43.8282332690164,63.65947844825666,23.534080765787376
57,allmpnet,AVG_LYR-9,simple,AVG,LYR-9,4,"torch.Size([63, 768])",12,0,batch-64-nhid-0-inlayer-0,NORMAL,60.513729924933024,50.32970687248518,63.50990399033892,74.04277514378724,73.07153295069713,79.05473006008383,86.52873696096835,69.57873084332768
58,allmpnet,SUM_LYR-9,simple,SUM,LYR-9,4,"torch.Size([63, 768])",12,0,batch-64-nhid-0-inlayer-0,NORMAL,60.51373235646966,50.32970890962341,63.50990560598836,74.04277547013079,73.07153073830109,65.55384087873148,82.7529169352353,67.11063012778287
59,allmpnet,MAX_LYR-9,simple,MAX,LYR-9,4,"torch.Size([63, 768])",12,0,batch-64-nhid-0-inlayer-0,NORMAL,60.3551560093978,52.99596588636041,66.77024260451523,70.63794779498757,71.97796667964465,76.03091274204428,85.63610729989867,69.20061414526408
60,allmpnet,AVG-NS_LYR-9,simple-ns,AVG-NS,LYR-9,4,"torch.Size([63, 768])",12,0,batch-64-nhid-0-inlayer-0,NORMAL,63.12721549298194,63.06378993059569,69.19226294644872,76.25879039718349,74.1409012121245,77.00181931985651,86.24338016886945,72.71830849543719
61,allmpnet,SUM-NS_LYR-9,simple-ns,SUM-NS,LYR-9,4,"torch.Size([63, 768])",12,0,batch-64-nhid-0-inlayer-0,NORMAL,63.12721657496965,63.06379039886709,69.19226235576498,76.25879009035737,74.1409013179097,67.54281574713974,84.02800425622763,71.05054010589087
62,allmpnet,MAX-NS_LYR-9,simple-ns,MAX-NS,LYR-9,4,"torch.Size([63, 768])",12,0,batch-64-nhid-0-inlayer-0,NORMAL,58.269609348063625,47.63745933585608,63.7247601836304,66.0066188933479,61.05523176595209,74.34709352540175,84.55713717018845,65.0854157460629
63,allmpnet,CLS_LYR-10,simple,CLS,LYR-10,4,"torch.Size([63, 768])",12,0,batch-64-nhid-0-inlayer-0,NORMAL,19.86370197868919,3.720759057394888,15.193523653257705,19.637756424727986,19.9924680441867,52.682151335107655,60.75070552332927,27.40586657381334
64,allmpnet,AVG_LYR-10,simple,AVG,LYR-10,4,"torch.Size([63, 768])",12,0,batch-64-nhid-0-inlayer-0,NORMAL,64.54988222531745,61.453385119286885,68.36642539740645,75.9621487873698,74.64902520432639,79.32698903682558,87.49483863877714,73.11467062990138
65,allmpnet,SUM_LYR-10,simple,SUM,LYR-10,4,"torch.Size([63, 768])",12,0,batch-64-nhid-0-inlayer-0,NORMAL,64.54988225039583,61.45338163065611,68.36642405580231,75.9621487951695,74.64902489815006,67.2338107144292,83.15853753008777,70.7676014106701
66,allmpnet,MAX_LYR-10,simple,MAX,LYR-10,4,"torch.Size([63, 768])",12,0,batch-64-nhid-0-inlayer-0,NORMAL,63.94189934771675,58.27395148110296,68.902820986344,72.6125312445465,74.0692597820036,74.9796673549908,85.92045911678903,71.2429413304991
67,allmpnet,AVG-NS_LYR-10,simple-ns,AVG-NS,LYR-10,4,"torch.Size([63, 768])",12,0,batch-64-nhid-0-inlayer-0,NORMAL,65.88602600018746,69.65202266168747,71.29986433053575,77.31091174082361,74.86948340697218,77.26068737019608,86.90582211368914,74.7406882320131
68,allmpnet,SUM-NS_LYR-10,simple-ns,SUM-NS,LYR-10,4,"torch.Size([63, 768])",12,0,batch-64-nhid-0-inlayer-0,NORMAL,65.88602526274764,69.65202444078182,71.29986439161593,77.31091120675482,74.86948434134652,66.10747038386626,84.39177400254107,72.7882220042363
69,allmpnet,MAX-NS_LYR-10,simple-ns,MAX-NS,LYR-10,4,"torch.Size([63, 768])",12,0,batch-64-nhid-0-inlayer-0,NORMAL,60.29604093898256,51.82110011296723,65.21537943280244,67.9247339200909,62.282999857115904,72.60266495532694,84.54165558879407,66.38351068658287
70,allmpnet,CLS_LYR-11,simple,CLS,LYR-11,4,"torch.Size([63, 768])",12,0,batch-64-nhid-0-inlayer-0,NORMAL,36.726128137095785,18.40445957990257,29.336260654374296,44.552428503540185,59.12135187357359,64.55149316158706,78.34783273615285,47.29142209231805
71,allmpnet,AVG_LYR-11,simple,AVG,LYR-11,4,"torch.Size([63, 768])",12,0,batch-64-nhid-0-inlayer-0,NORMAL,69.7522205332071,71.57084555491167,75.02348279753363,78.78889712017894,78.13990892939599,80.97991996007046,88.65939382541053,77.55923838867261
72,allmpnet,SUM_LYR-11,simple,SUM,LYR-11,4,"torch.Size([63, 768])",12,0,batch-64-nhid-0-inlayer-0,NORMAL,69.75221837941923,71.57084831053147,75.02348181715335,78.78889706565435,78.13990835857496,68.2897359638426,82.61178041993801,74.88241004501629
73,allmpnet,MAX_LYR-11,simple,MAX,LYR-11,4,"torch.Size([63, 768])",12,0,batch-64-nhid-0-inlayer-0,NORMAL,68.29862931612759,64.4355120673487,73.76647637693772,76.51444256126359,77.94128315738782,78.1444549944622,86.64506509711958,75.10655193866388
74,allmpnet,AVG-NS_LYR-11,simple-ns,AVG-NS,LYR-11,4,"torch.Size([63, 768])",12,0,batch-64-nhid-0-inlayer-0,NORMAL,70.4625188007762,74.8222603678967,75.47840806699004,79.55371451544913,76.38212428619539,78.15890498099971,87.86759204932952,77.53221758109096
75,allmpnet,SUM-NS_LYR-11,simple-ns,SUM-NS,LYR-11,4,"torch.Size([63, 768])",12,0,batch-64-nhid-0-inlayer-0,NORMAL,70.46251809598677,74.8222593158764,75.47840648304536,79.55371492659087,76.3821238207128,69.8418213063594,85.70828540218498,76.03558990725095
76,allmpnet,MAX-NS_LYR-11,simple-ns,MAX-NS,LYR-11,4,"torch.Size([63, 768])",12,0,batch-64-nhid-0-inlayer-0,NORMAL,64.73116225716386,57.81690061945402,69.20800152725951,71.64508774014176,66.40853444847295,74.99671641435796,84.80216019975684,69.94408045808669
77,allmpnet,CLS_LYR-12,simple,CLS,LYR-12,4,"torch.Size([63, 768])",12,0,batch-64-nhid-0-inlayer-0,NORMAL,69.92634823486185,73.0421045367732,77.35982466359735,80.69774600925872,82.27444741354371,81.9734339564393,86.6487786045234,78.84609763128536
78,allmpnet,AVG_LYR-12,simple,AVG,LYR-12,4,"torch.Size([63, 768])",12,0,batch-64-nhid-0-inlayer-0,NORMAL,72.36977862904855,78.00229049844248,80.78389620998406,82.16966961094498,82.34748111167414,82.12393095751752,88.37555860856064,80.88180080373891
79,allmpnet,SUM_LYR-12,simple,SUM,LYR-12,4,"torch.Size([63, 768])",12,0,batch-64-nhid-0-inlayer-0,NORMAL,72.36977775675355,78.00229084566222,80.78389594346285,82.16966924785297,82.34748098834088,70.96919813880112,84.03400361189351,78.66804521896672
80,allmpnet,MAX_LYR-12,simple,MAX,LYR-12,4,"torch.Size([63, 768])",12,0,batch-64-nhid-0-inlayer-0,NORMAL,71.66241252408264,73.97541355164732,79.38489318397778,79.43502104436664,81.04435412564304,80.53555142266717,86.15744787923292,78.88501339023107
81,allmpnet,AVG-NS_LYR-12,simple-ns,AVG-NS,LYR-12,4,"torch.Size([63, 768])",12,0,batch-64-nhid-0-inlayer-0,NORMAL,73.16775523339338,78.93989984142117,81.01952823759957,82.58939564019266,82.33244947699033,81.64032598091579,88.50275576012699,81.17030145294856
82,allmpnet,SUM-NS_LYR-12,simple-ns,SUM-NS,LYR-12,4,"torch.Size([63, 768])",12,0,batch-64-nhid-0-inlayer-0,NORMAL,73.16775540255539,78.93989991841964,81.01952831317347,82.58939512420991,82.332449244122,73.24450002931596,85.87784107862903,79.59590987291791
83,allmpnet,MAX-NS_LYR-12,simple-ns,MAX-NS,LYR-12,4,"torch.Size([63, 768])",12,0,batch-64-nhid-0-inlayer-0,NORMAL,71.5782714018917,72.18257988258179,78.74512740267829,78.65784463517484,78.74675720797488,77.45026708844256,86.61856034623713,77.7113439949973
84,deberta-base,CLS_LYR-1,simple,CLS,LYR-1,4,"torch.Size([63, 768])",12,0,batch-64-nhid-0-inlayer-0,NORMAL,6.488521742211287,-2.684084049355969,-1.1971465400700445,8.539123440779097,8.166239376419657,23.08296054098076,41.393186221530144,11.969828676070705
85,deberta-base,AVG_LYR-1,simple,AVG,LYR-1,4,"torch.Size([63, 768])",12,0,batch-64-nhid-0-inlayer-0,NORMAL,57.93226157985902,59.230786826314045,66.67304916863436,72.8406953889884,66.69821260275867,72.83247537835342,82.85221389269611,68.43709926251486
86,deberta-base,SUM_LYR-1,simple,SUM,LYR-1,4,"torch.Size([63, 768])",12,0,batch-64-nhid-0-inlayer-0,NORMAL,57.93226311476764,59.230784705901385,66.67304830567753,72.8406956824439,66.69821082435662,62.30092728473223,69.35157250430784,65.0039289174553
87,deberta-base,MAX_LYR-1,simple,MAX,LYR-1,4,"torch.Size([63, 768])",12,0,batch-64-nhid-0-inlayer-0,NORMAL,57.28289387788485,48.281915870202006,64.138407163721,64.96200588118757,61.24600150297341,62.013896101922406,80.05440341951481,62.56850340248658
88,deberta-base,AVG-NS_LYR-1,simple-ns,AVG-NS,LYR-1,4,"torch.Size([63, 768])",12,0,batch-64-nhid-0-inlayer-0,NORMAL,57.88704859906228,59.92506495794565,67.28232032077962,73.1635685453558,67.38362358651284,72.1602074445596,82.96363014677067,68.68078051442663
89,deberta-base,SUM-NS_LYR-1,simple-ns,SUM-NS,LYR-1,4,"torch.Size([63, 768])",12,0,batch-64-nhid-0-inlayer-0,NORMAL,57.88704933981492,59.925065589859805,67.28232009519105,73.16356920779958,67.38362942472847,59.82958382328003,69.34221914832372,64.9733480898568
90,deberta-base,MAX-NS_LYR-1,simple-ns,MAX-NS,LYR-1,4,"torch.Size([63, 768])",12,0,batch-64-nhid-0-inlayer-0,NORMAL,54.26163932211387,47.78241100157647,63.69891713526522,64.91585580214895,60.85000481196987,61.99896469260946,80.08876443571728,61.94236531448587
91,deberta-base,CLS_LYR-2,simple,CLS,LYR-2,4,"torch.Size([63, 768])",12,0,batch-64-nhid-0-inlayer-0,NORMAL,22.04918178687897,6.378017128947566,8.920294584651252,16.18868564614954,17.403031335715184,39.32672667359322,51.6031135538912,23.12415010140385
92,deberta-base,AVG_LYR-2,simple,AVG,LYR-2,4,"torch.Size([63, 768])",12,0,batch-64-nhid-0-inlayer-0,NORMAL,55.18415216503685,54.84952377872534,62.51006444805471,68.84496818603473,61.12478448573453,69.94030790338256,83.03226727496946,65.06943832027689
93,deberta-base,SUM_LYR-2,simple,SUM,LYR-2,4,"torch.Size([63, 768])",12,0,batch-64-nhid-0-inlayer-0,NORMAL,55.18414974714686,54.8495280076196,62.51006671901992,68.84496628037805,61.12478072512738,52.37552580732678,68.45196565699156,60.47728327765859
94,deberta-base,MAX_LYR-2,simple,MAX,LYR-2,4,"torch.Size([63, 768])",12,0,batch-64-nhid-0-inlayer-0,NORMAL,53.1826404244099,43.910975390577846,60.37662528653542,62.69761087562124,55.40854906001884,63.847039794657846,81.81517022700805,60.1769444369756
95,deberta-base,AVG-NS_LYR-2,simple-ns,AVG-NS,LYR-2,4,"torch.Size([63, 768])",12,0,batch-64-nhid-0-inlayer-0,NORMAL,55.09205028369143,55.329704361737406,62.80357387889053,69.34495746093839,61.97292805352498,69.4186864844414,83.155464513055,65.30248071946845
96,deberta-base,SUM-NS_LYR-2,simple-ns,SUM-NS,LYR-2,4,"torch.Size([63, 768])",12,0,batch-64-nhid-0-inlayer-0,NORMAL,55.09204847153789,55.32970176900637,62.80357700950939,69.34495593970613,61.97292953065927,2.979037135038526,53.92049528536423,51.63467787726025
97,deberta-base,MAX-NS_LYR-2,simple-ns,MAX-NS,LYR-2,4,"torch.Size([63, 768])",12,0,batch-64-nhid-0-inlayer-0,NORMAL,49.75946697597478,43.10380943137349,59.299546763636044,62.01438935722663,53.60393673094976,63.52981426036376,81.80696928339977,59.01684754327489
98,deberta-base,CLS_LYR-3,simple,CLS,LYR-3,4,"torch.Size([63, 768])",12,0,batch-64-nhid-0-inlayer-0,NORMAL,9.97195590651203,0.2545864086040054,1.7328372251577264,7.611513392500753,5.928127827104701,29.903004292143542,50.91564567536626,15.188238675341289
99,deberta-base,AVG_LYR-3,simple,AVG,LYR-3,4,"torch.Size([63, 768])",12,0,batch-64-nhid-0-inlayer-0,NORMAL,54.572356532612666,54.83202219345253,61.47921994526983,68.90907624828027,61.0010140686479,68.68159688087474,83.17957673323201,64.66498037176714
100,deberta-base,SUM_LYR-3,simple,SUM,LYR-3,4,"torch.Size([63, 768])",12,0,batch-64-nhid-0-inlayer-0,NORMAL,54.5723624057682,54.83202668348919,61.479222838936224,68.90907572640576,61.00101648089216,43.69573366065666,45.91460745451167,55.77200646437998
101,deberta-base,MAX_LYR-3,simple,MAX,LYR-3,4,"torch.Size([63, 768])",12,0,batch-64-nhid-0-inlayer-0,NORMAL,52.12902853773104,43.433207033766095,58.62550653419053,61.88543221413079,54.35380725668774,64.05902303815954,81.3405128485121,59.4037882090254
102,deberta-base,AVG-NS_LYR-3,simple-ns,AVG-NS,LYR-3,4,"torch.Size([63, 768])",12,0,batch-64-nhid-0-inlayer-0,NORMAL,54.4521149101527,55.37283948122359,61.740562305182266,69.31399903600347,61.42278660857936,68.1294120015338,83.14357933886076,64.79647052593371
103,deberta-base,SUM-NS_LYR-3,simple-ns,SUM-NS,LYR-3,4,"torch.Size([63, 768])",12,0,batch-64-nhid-0-inlayer-0,NORMAL,54.4521148749126,55.37283906894413,61.7405622011966,69.31399691398819,61.42278202686185,-1.7783918059827444,51.48875560731197,50.28752269817609
104,deberta-base,MAX-NS_LYR-3,simple-ns,MAX-NS,LYR-3,4,"torch.Size([63, 768])",12,0,batch-64-nhid-0-inlayer-0,NORMAL,48.771502003391625,42.22435071200453,57.33539723884869,60.75936898001542,51.90816959005544,63.68109770900104,81.23051124148193,57.98719963925695
105,deberta-base,CLS_LYR-4,simple,CLS,LYR-4,4,"torch.Size([63, 768])",12,0,batch-64-nhid-0-inlayer-0,NORMAL,10.514897800969711,0.6871021342910076,3.5418436672829894,12.417545862792094,15.184086191644148,15.64141294983996,34.82199138852906,13.258411427906996
106,deberta-base,AVG_LYR-4,simple,AVG,LYR-4,4,"torch.Size([63, 768])",12,0,batch-64-nhid-0-inlayer-0,NORMAL,53.92017301105527,53.70571773911902,61.203331348294846,69.83413573739959,62.62066939057662,69.1003029501593,83.07928763756038,64.780516830595
107,deberta-base,SUM_LYR-4,simple,SUM,LYR-4,4,"torch.Size([63, 768])",12,0,batch-64-nhid-0-inlayer-0,NORMAL,53.92017402279339,53.70571603944765,61.20332967075672,69.8341353771673,62.620667408893226,38.18276854215054,67.78276501251645,58.17850801053218
108,deberta-base,MAX_LYR-4,simple,MAX,LYR-4,4,"torch.Size([63, 768])",12,0,batch-64-nhid-0-inlayer-0,NORMAL,50.70693773197081,42.11858996215924,57.90952074813253,61.68981057731104,53.513971395955615,59.88893070664828,82.00496758311598,58.26181838647051
109,deberta-base,AVG-NS_LYR-4,simple-ns,AVG-NS,LYR-4,4,"torch.Size([63, 768])",12,0,batch-64-nhid-0-inlayer-0,NORMAL,53.808468004056365,54.38104799730411,61.48791285729563,70.23140886751206,62.79624750679178,68.68859294407412,83.14133657981077,64.93357353669212
110,deberta-base,SUM-NS_LYR-4,simple-ns,SUM-NS,LYR-4,4,"torch.Size([63, 768])",12,0,batch-64-nhid-0-inlayer-0,NORMAL,53.80846808544392,54.38104474193361,61.48791543807168,70.23140857219661,62.79624368500758,57.245761046921984,61.05498447029698,60.14368943426748
111,deberta-base,MAX-NS_LYR-4,simple-ns,MAX-NS,LYR-4,4,"torch.Size([63, 768])",12,0,batch-64-nhid-0-inlayer-0,NORMAL,47.42526387372303,41.22660428084284,56.54779500411578,60.34500071659201,51.01639694147897,59.60170573539859,81.88419482085969,56.86385162471584
112,deberta-base,CLS_LYR-5,simple,CLS,LYR-5,4,"torch.Size([63, 768])",12,0,batch-64-nhid-0-inlayer-0,NORMAL,16.86758547647526,4.542821241410531,11.18885444383109,14.31511917753228,21.50422132527757,21.622435316215388,41.4463730551313,18.78391571941049
113,deberta-base,AVG_LYR-5,simple,AVG,LYR-5,4,"torch.Size([63, 768])",12,0,batch-64-nhid-0-inlayer-0,NORMAL,53.86130731911089,53.87626163010063,60.69844326994463,70.0349343734235,63.159631166399976,69.27129327819583,82.69186109726242,64.79910459063397
114,deberta-base,SUM_LYR-5,simple,SUM,LYR-5,4,"torch.Size([63, 768])",12,0,batch-64-nhid-0-inlayer-0,NORMAL,53.86130594152125,53.87626651441252,60.69844356355621,70.03493432534971,63.15963227580077,52.86806390237319,37.50268455589259,56.00019015412947
115,deberta-base,MAX_LYR-5,simple,MAX,LYR-5,4,"torch.Size([63, 768])",12,0,batch-64-nhid-0-inlayer-0,NORMAL,50.16150863930841,43.710236993721466,57.85687103771636,62.74147285953775,54.8195143317687,61.22239788364791,81.93260507869844,58.92065811777128
116,deberta-base,AVG-NS_LYR-5,simple-ns,AVG-NS,LYR-5,4,"torch.Size([63, 768])",12,0,batch-64-nhid-0-inlayer-0,NORMAL,53.5640341760139,54.39879119378869,60.90243424468772,70.32220297662539,63.08834441248895,68.757453122579,82.66278500577631,64.81372073313715
117,deberta-base,SUM-NS_LYR-5,simple-ns,SUM-NS,LYR-5,4,"torch.Size([63, 768])",12,0,batch-64-nhid-0-inlayer-0,NORMAL,53.56403329328915,54.398794277600736,60.90243450674322,70.32220440031158,63.08834596989629,54.09040180187288,62.23923788659744,59.80077887661589
118,deberta-base,MAX-NS_LYR-5,simple-ns,MAX-NS,LYR-5,4,"torch.Size([63, 768])",12,0,batch-64-nhid-0-inlayer-0,NORMAL,46.57299974837309,42.45717118284131,56.36205731666958,61.06551728800476,52.06893294061933,60.11634762725577,81.80934894500237,57.20748214982374
119,deberta-base,CLS_LYR-6,simple,CLS,LYR-6,4,"torch.Size([63, 768])",12,0,batch-64-nhid-0-inlayer-0,NORMAL,20.450624689625048,0.8438195955453082,9.663309526371764,4.869114189921008,14.0879006454186,30.141561759743457,42.384096474350265,17.491489554425065
120,deberta-base,AVG_LYR-6,simple,AVG,LYR-6,4,"torch.Size([63, 768])",12,0,batch-64-nhid-0-inlayer-0,NORMAL,53.65833596007565,52.07873867790279,59.54517204432561,69.94164382047612,62.7995449528821,69.19954341743255,82.20241484954364,64.20362767466263
121,deberta-base,SUM_LYR-6,simple,SUM,LYR-6,4,"torch.Size([63, 768])",12,0,batch-64-nhid-0-inlayer-0,NORMAL,53.65833512207383,52.07874104035691,59.5451719051069,69.94164317633313,62.79954311338559,54.75985144857584,76.01179796740429,61.25644053903378
122,deberta-base,MAX_LYR-6,simple,MAX,LYR-6,4,"torch.Size([63, 768])",12,0,batch-64-nhid-0-inlayer-0,NORMAL,49.898949450171024,42.22052756578974,56.68192068815089,62.68533727453332,55.65765452206406,61.102688172017686,80.90200863595112,58.449869472668254
123,deberta-base,AVG-NS_LYR-6,simple-ns,AVG-NS,LYR-6,4,"torch.Size([63, 768])",12,0,batch-64-nhid-0-inlayer-0,NORMAL,53.36744575123766,52.44106353556172,59.65205385101865,70.24577572762891,62.731060494191496,68.64815345694674,82.35805121971008,64.20622914804218
124,deberta-base,SUM-NS_LYR-6,simple-ns,SUM-NS,LYR-6,4,"torch.Size([63, 768])",12,0,batch-64-nhid-0-inlayer-0,NORMAL,53.36744299355727,52.44106928179865,59.65205119796385,70.24577617038604,62.73106024811417,40.58115001905104,7.403809343058784,49.48890846484712
125,deberta-base,MAX-NS_LYR-6,simple-ns,MAX-NS,LYR-6,4,"torch.Size([63, 768])",12,0,batch-64-nhid-0-inlayer-0,NORMAL,46.36682460923633,41.033112043360106,55.06351719975216,60.69148820386473,52.940871365577024,60.05683531889277,80.80006293336761,56.7075302391501
126,deberta-base,CLS_LYR-7,simple,CLS,LYR-7,4,"torch.Size([63, 768])",12,0,batch-64-nhid-0-inlayer-0,NORMAL,37.03712476203987,16.639709497768564,21.697955253815703,27.325069324433183,34.05484264828703,39.4661565705914,55.60154689746752,33.11748642205761
127,deberta-base,AVG_LYR-7,simple,AVG,LYR-7,4,"torch.Size([63, 768])",12,0,batch-64-nhid-0-inlayer-0,NORMAL,54.65520960354668,53.30690729124109,60.54376292737828,70.57904313059214,65.03000358981565,70.91648026845573,82.0016327115018,65.29043421750448
128,deberta-base,SUM_LYR-7,simple,SUM,LYR-7,4,"torch.Size([63, 768])",12,0,batch-64-nhid-0-inlayer-0,NORMAL,54.65520993700651,53.30690455159331,60.54376350641139,70.57904249350061,65.03000233690682,60.62017201367571,62.43291668496688,61.02400164629446
129,deberta-base,MAX_LYR-7,simple,MAX,LYR-7,4,"torch.Size([63, 768])",12,0,batch-64-nhid-0-inlayer-0,NORMAL,49.90421074335945,43.2706450107048,57.451538180370086,62.93873439165528,57.46258859468079,66.7568552650608,80.91447560516553,59.8141496844281
130,deberta-base,AVG-NS_LYR-7,simple-ns,AVG-NS,LYR-7,4,"torch.Size([63, 768])",12,0,batch-64-nhid-0-inlayer-0,NORMAL,54.32902654146152,53.78271721288351,60.61190222821373,70.89184225276506,64.97998536506489,70.32157545931221,82.07162249917651,65.28409593698248
131,deberta-base,SUM-NS_LYR-7,simple-ns,SUM-NS,LYR-7,4,"torch.Size([63, 768])",12,0,batch-64-nhid-0-inlayer-0,NORMAL,54.329029088141176,53.78271467993262,60.611904034669614,70.89184290640765,64.97998202917915,-1.7739123633542162,53.66927242208979,50.927261828152254
132,deberta-base,MAX-NS_LYR-7,simple-ns,MAX-NS,LYR-7,4,"torch.Size([63, 768])",12,0,batch-64-nhid-0-inlayer-0,NORMAL,46.28664012368645,42.28732975730332,55.69384757795343,60.94321180842898,54.64274570226768,66.60222462809678,80.66398808873882,58.15999824092507
133,deberta-base,CLS_LYR-8,simple,CLS,LYR-8,4,"torch.Size([63, 768])",12,0,batch-64-nhid-0-inlayer-0,NORMAL,25.91705988037235,3.4634371293157264,10.56057999853271,9.683477887750994,30.403795197195304,30.994111249113043,46.80798866372263,22.54720714371468
134,deberta-base,AVG_LYR-8,simple,AVG,LYR-8,4,"torch.Size([63, 768])",12,0,batch-64-nhid-0-inlayer-0,NORMAL,52.59643289536433,49.111261199878406,57.73919594282179,69.3891018473793,63.54913327690224,66.62091980962728,81.67073165204921,62.95382523200322
135,deberta-base,SUM_LYR-8,simple,SUM,LYR-8,4,"torch.Size([63, 768])",12,0,batch-64-nhid-0-inlayer-0,NORMAL,52.59643582756238,49.11126057130819,57.73919783435085,69.38910210416509,63.54913402961165,57.344500420069686,0.0,49.96137582672397
136,deberta-base,MAX_LYR-8,simple,MAX,LYR-8,4,"torch.Size([63, 768])",12,0,batch-64-nhid-0-inlayer-0,NORMAL,47.268506171873405,39.17478830938536,54.02383267741823,61.11359773800622,54.806342829473856,61.08382543683702,79.20266425163364,56.667651059232526
137,deberta-base,AVG-NS_LYR-8,simple-ns,AVG-NS,LYR-8,4,"torch.Size([63, 768])",12,0,batch-64-nhid-0-inlayer-0,NORMAL,52.15036239833272,49.535588770292655,57.853748379765705,69.60675473687907,63.34288126075827,65.93514176690339,81.56457189267212,62.85557845794341
138,deberta-base,SUM-NS_LYR-8,simple-ns,SUM-NS,LYR-8,4,"torch.Size([63, 768])",12,0,batch-64-nhid-0-inlayer-0,NORMAL,52.15036164904181,49.53558856240255,57.85374900314947,69.60675637397419,63.34288680890501,57.31351322811269,8.201703935538427,51.14350850873202
139,deberta-base,MAX-NS_LYR-8,simple-ns,MAX-NS,LYR-8,4,"torch.Size([63, 768])",12,0,batch-64-nhid-0-inlayer-0,NORMAL,43.90388324898248,38.10054839424065,52.39070596233682,59.12939489861291,51.95366872073339,60.03383078414996,78.93818146299468,54.92145906743584
140,deberta-base,CLS_LYR-9,simple,CLS,LYR-9,4,"torch.Size([63, 768])",12,0,batch-64-nhid-0-inlayer-0,NORMAL,42.13434078027586,32.574035620966264,44.57077296684906,53.2684646535154,50.70487842736491,47.669092403768346,64.06059803283746,47.85459755508247
141,deberta-base,AVG_LYR-9,simple,AVG,LYR-9,4,"torch.Size([63, 768])",12,0,batch-64-nhid-0-inlayer-0,NORMAL,49.37225544410168,41.770647328745895,54.21030004770056,64.4656790484861,60.178613758249945,65.46859445723028,79.24052957426511,59.243802808397085
142,deberta-base,SUM_LYR-9,simple,SUM,LYR-9,4,"torch.Size([63, 768])",12,0,batch-64-nhid-0-inlayer-0,NORMAL,49.37225507020464,41.770649595722986,54.210298025295685,64.4656770377409,60.178613638624,-1.7834506952717866,2.067152493520394,38.611599309405264
143,deberta-base,MAX_LYR-9,simple,MAX,LYR-9,4,"torch.Size([63, 768])",12,0,batch-64-nhid-0-inlayer-0,NORMAL,44.97173430066085,36.31954999505274,50.71563879801163,58.08254150213343,52.00988325211331,58.57612707970633,77.28670182224579,53.99459667856058
144,deberta-base,AVG-NS_LYR-9,simple-ns,AVG-NS,LYR-9,4,"torch.Size([63, 768])",12,0,batch-64-nhid-0-inlayer-0,NORMAL,48.97530990153219,41.86167926247885,54.31229342623626,64.76384372062765,60.12936473279492,65.29418398062425,79.15522603877545,59.21312872329565
145,deberta-base,SUM-NS_LYR-9,simple-ns,SUM-NS,LYR-9,4,"torch.Size([63, 768])",12,0,batch-64-nhid-0-inlayer-0,NORMAL,48.975309546452,41.8616750851432,54.31229699598549,64.7638445777035,60.12936691608457,0.0,57.32465063433053,46.76673482224275
146,deberta-base,MAX-NS_LYR-9,simple-ns,MAX-NS,LYR-9,4,"torch.Size([63, 768])",12,0,batch-64-nhid-0-inlayer-0,NORMAL,41.70113305169338,35.5985474134827,49.29044984843709,56.1792998966308,49.021713018992514,57.433647667566,77.12112655306265,52.33513106426644
147,deberta-base,CLS_LYR-10,simple,CLS,LYR-10,4,"torch.Size([63, 768])",12,0,batch-64-nhid-0-inlayer-0,NORMAL,27.46463232590621,16.773221965021087,22.37458468091748,33.27298028945984,34.194685395694684,34.7292033155526,54.1639531704609,31.8533230204304
148,deberta-base,AVG_LYR-10,simple,AVG,LYR-10,4,"torch.Size([63, 768])",12,0,batch-64-nhid-0-inlayer-0,NORMAL,47.48195602483925,38.130811349173705,51.4648914625488,63.54566155672994,58.99426363984168,63.93702586896661,78.20489436853559,57.39421489580508
149,deberta-base,SUM_LYR-10,simple,SUM,LYR-10,4,"torch.Size([63, 768])",12,0,batch-64-nhid-0-inlayer-0,NORMAL,47.48195870711566,38.13080655999579,51.46488955430885,63.54566180378212,58.99426713647029,0.0,53.08958573579905,44.67245278535312
150,deberta-base,MAX_LYR-10,simple,MAX,LYR-10,4,"torch.Size([63, 768])",12,0,batch-64-nhid-0-inlayer-0,NORMAL,42.43006575296813,33.354147779942835,47.72939280497095,55.39767448138704,49.07540925806223,57.58550379358079,75.21544976973404,51.54109194866372
151,deberta-base,AVG-NS_LYR-10,simple-ns,AVG-NS,LYR-10,4,"torch.Size([63, 768])",12,0,batch-64-nhid-0-inlayer-0,NORMAL,46.94994593106819,38.49603863974728,51.75595379782484,63.83902298953098,58.78833203796712,63.53546264644169,77.94242904543766,57.32959786971683
152,deberta-base,SUM-NS_LYR-10,simple-ns,SUM-NS,LYR-10,4,"torch.Size([63, 768])",12,0,batch-64-nhid-0-inlayer-0,NORMAL,46.94994860469953,38.4960371905869,51.75595696984628,63.83902666403828,58.78833322560113,48.410586733504125,45.119769647963054,50.47995129089133
153,deberta-base,MAX-NS_LYR-10,simple-ns,MAX-NS,LYR-10,4,"torch.Size([63, 768])",12,0,batch-64-nhid-0-inlayer-0,NORMAL,39.29619174995155,33.005546374542554,46.44625786115454,53.54292504515029,46.36625191005025,57.19234097825603,74.95446414820907,50.11485400961633
154,deberta-base,CLS_LYR-11,simple,CLS,LYR-11,4,"torch.Size([63, 768])",12,0,batch-64-nhid-0-inlayer-0,NORMAL,12.8033004303675,5.996351644030471,10.183827909154148,18.678913102168345,15.52730071727247,39.49974282392397,59.634719286540296,23.189165130493883
155,deberta-base,AVG_LYR-11,simple,AVG,LYR-11,4,"torch.Size([63, 768])",12,0,batch-64-nhid-0-inlayer-0,NORMAL,44.111362117002365,30.70225249108808,45.66572268220513,56.68042305589468,52.61292830758754,58.55419772738662,75.74732338635776,52.01060139536031
156,deberta-base,SUM_LYR-11,simple,SUM,LYR-11,4,"torch.Size([63, 768])",12,0,batch-64-nhid-0-inlayer-0,NORMAL,44.11136866185001,30.70225118865136,45.66572559007362,56.68042589383651,52.61293861107642,0.0,9.33577704980595,34.158355285041985
157,deberta-base,MAX_LYR-11,simple,MAX,LYR-11,4,"torch.Size([63, 768])",12,0,batch-64-nhid-0-inlayer-0,NORMAL,40.99605704426323,29.89892393521239,44.11365253665553,52.53861061061061,46.46189799338723,53.34002993656761,72.74440996147355,48.58479743116716
158,deberta-base,AVG-NS_LYR-11,simple-ns,AVG-NS,LYR-11,4,"torch.Size([63, 768])",12,0,batch-64-nhid-0-inlayer-0,NORMAL,43.54487495713934,30.91537368546484,46.30112310927627,56.989238677766544,52.19869922413897,58.74782098888072,75.9680732894872,52.09502913316484
159,deberta-base,SUM-NS_LYR-11,simple-ns,SUM-NS,LYR-11,4,"torch.Size([63, 768])",12,0,batch-64-nhid-0-inlayer-0,NORMAL,43.54487446536967,30.915379771458845,46.30112288962366,56.989242239371904,52.198690914573056,1.7715110814345385,-2.5726032882439016,32.735459724798254
160,deberta-base,MAX-NS_LYR-11,simple-ns,MAX-NS,LYR-11,4,"torch.Size([63, 768])",12,0,batch-64-nhid-0-inlayer-0,NORMAL,37.935216367891606,29.741337342135,42.98070248744554,50.7913201000344,43.48749997521918,53.62846145517428,72.85505385476988,47.34565594038141
161,deberta-base,CLS_LYR-12,simple,CLS,LYR-12,4,"torch.Size([63, 768])",12,0,batch-64-nhid-0-inlayer-0,NORMAL,27.63108320052189,13.57524916492162,16.439472293976756,26.646303762181432,27.866212218560992,42.68993316147264,64.46537265210213,31.33051806481964
162,deberta-base,AVG_LYR-12,simple,AVG,LYR-12,4,"torch.Size([63, 768])",12,0,batch-64-nhid-0-inlayer-0,NORMAL,33.74018730042413,25.93130955912548,31.887892851097927,32.34029483439521,32.204503625633784,49.3846177740288,67.27868136458311,38.96678390132693
163,deberta-base,SUM_LYR-12,simple,SUM,LYR-12,4,"torch.Size([63, 768])",12,0,batch-64-nhid-0-inlayer-0,NORMAL,33.74018150277578,25.93131546085605,31.887890315981355,32.34030300419429,32.2045099703532,0.0,0.0,22.30060003630867
164,deberta-base,MAX_LYR-12,simple,MAX,LYR-12,4,"torch.Size([63, 768])",12,0,batch-64-nhid-0-inlayer-0,NORMAL,34.91213325300077,23.247140960780552,31.846010311985623,36.02769822663522,33.011580786067725,32.50124056993132,50.87244436344842,34.63117835312138
165,deberta-base,AVG-NS_LYR-12,simple-ns,AVG-NS,LYR-12,4,"torch.Size([63, 768])",12,0,batch-64-nhid-0-inlayer-0,NORMAL,33.425354711568254,26.711836482048,32.20124678823097,32.44923334088811,32.155356765915336,47.88957978932008,67.05539954586924,38.84114391769143
166,deberta-base,SUM-NS_LYR-12,simple-ns,SUM-NS,LYR-12,4,"torch.Size([63, 768])",12,0,batch-64-nhid-0-inlayer-0,NORMAL,33.42535913774107,26.711836666154326,32.201246555779775,32.44923995077465,32.155361082865696,0.0,0.0,22.420434770473644
167,deberta-base,MAX-NS_LYR-12,simple-ns,MAX-NS,LYR-12,4,"torch.Size([63, 768])",12,0,batch-64-nhid-0-inlayer-0,NORMAL,32.37134104782271,19.56732417544268,28.68910132679483,32.73234212405342,32.07099538009409,31.47959936507204,50.91831633791684,32.547002822456655
