,model,pooling,type_pooling,agg,layer,epochs,out_vec_size,qtd_layers,nhid,params,best_layers,MR,CR,SUBJ,MPQA,SST2,TREC,MRPC,avg_tasks
0,deberta-base,CLS+AVG_LYR-1,two-tokens,CLS+AVG,LYR-1,4,"torch.Size([61, 1536])",12,0,,NORMAL,77.73,80.5,92.65,89.24,82.76,90.6,72.46,83.7057142857143
1,deberta-base,CLS+SUM_LYR-1,two-tokens,CLS+SUM,LYR-1,4,"torch.Size([61, 1536])",12,0,,NORMAL,76.54,77.7,91.05,87.88,82.21,86.6,70.55,81.78999999999999
2,deberta-base,CLS+MAX_LYR-1,two-tokens,CLS+MAX,LYR-1,4,"torch.Size([61, 1536])",12,0,,NORMAL,71.78,75.07,87.75,87.29,75.01,84.0,67.65,78.36428571428571
3,deberta-base,CLS+AVG-NS_LYR-1,two-tokens,CLS+AVG-NS,LYR-1,4,"torch.Size([61, 1536])",12,0,,NORMAL,77.52,80.56,92.73,88.51,82.32,90.0,72.87,83.50142857142858
4,deberta-base,CLS+SUM-NS_LYR-1,two-tokens,CLS+SUM-NS,LYR-1,4,"torch.Size([61, 1536])",12,0,,NORMAL,76.55,77.19,91.16,87.74,82.43,86.2,70.32,81.65571428571427
5,deberta-base,CLS+MAX-NS_LYR-1,two-tokens,CLS+MAX-NS,LYR-1,4,"torch.Size([61, 1536])",12,0,,NORMAL,72.03,64.9,87.88,49.11,74.9,84.8,67.36,71.56857142857145
6,deberta-base,AVG+SUM_LYR-1,two-tokens,AVG+SUM,LYR-1,4,"torch.Size([61, 1536])",12,0,,NORMAL,76.19,77.38,90.99,87.8,81.77,86.0,70.14,81.46714285714286
7,deberta-base,AVG+MAX_LYR-1,two-tokens,AVG+MAX,LYR-1,4,"torch.Size([61, 1536])",12,0,,NORMAL,75.73,77.4,91.58,88.07,81.49,87.0,67.13,81.2
8,deberta-base,AVG+AVG-NS_LYR-1,two-tokens,AVG+AVG-NS,LYR-1,4,"torch.Size([61, 1536])",12,0,,NORMAL,77.34,80.58,92.57,88.71,82.81,89.6,73.22,83.54714285714286
9,deberta-base,AVG+SUM-NS_LYR-1,two-tokens,AVG+SUM-NS,LYR-1,4,"torch.Size([61, 1536])",12,0,,NORMAL,76.41,77.09,90.93,87.84,82.21,86.4,70.43,81.61571428571428
10,deberta-base,AVG+MAX-NS_LYR-1,two-tokens,AVG+MAX-NS,LYR-1,4,"torch.Size([61, 1536])",12,0,,NORMAL,75.97,65.14,91.54,49.12,81.77,86.8,67.65,73.99857142857142
11,deberta-base,SUM+MAX_LYR-1,two-tokens,SUM+MAX,LYR-1,4,"torch.Size([61, 1536])",12,0,,NORMAL,75.61,77.33,90.4,86.92,81.71,89.0,70.43,81.62857142857142
12,deberta-base,SUM+AVG-NS_LYR-1,two-tokens,SUM+AVG-NS,LYR-1,4,"torch.Size([61, 1536])",12,0,,NORMAL,76.27,77.86,91.02,86.98,82.59,87.4,70.14,81.75142857142858
13,deberta-base,SUM+SUM-NS_LYR-1,two-tokens,SUM+SUM-NS,LYR-1,4,"torch.Size([61, 1536])",12,0,,NORMAL,76.19,77.17,90.82,87.66,81.27,86.6,70.61,81.47428571428573
14,deberta-base,SUM+MAX-NS_LYR-1,two-tokens,SUM+MAX-NS,LYR-1,4,"torch.Size([61, 1536])",12,0,,NORMAL,75.28,66.07,90.34,48.92,82.04,88.8,70.09,74.50571428571429
15,deberta-base,MAX+AVG-NS_LYR-1,two-tokens,MAX+AVG-NS,LYR-1,4,"torch.Size([61, 1536])",12,0,,NORMAL,75.93,77.8,91.65,86.99,80.67,87.8,67.59,81.20428571428572
16,deberta-base,MAX+SUM-NS_LYR-1,two-tokens,MAX+SUM-NS,LYR-1,4,"torch.Size([61, 1536])",12,0,,NORMAL,75.44,76.85,90.7,86.72,81.88,89.4,70.14,81.59
17,deberta-base,MAX+MAX-NS_LYR-1,two-tokens,MAX+MAX-NS,LYR-1,4,"torch.Size([61, 1536])",12,0,,NORMAL,71.7,64.69,87.61,48.86,75.62,84.2,66.43,71.30142857142857
18,deberta-base,AVG-NS+SUM-NS_LYR-1,two-tokens,AVG-NS+SUM-NS,LYR-1,4,"torch.Size([61, 1536])",12,0,,NORMAL,76.06,77.01,90.89,87.09,82.87,86.8,71.3,81.71714285714286
19,deberta-base,AVG-NS+MAX-NS_LYR-1,two-tokens,AVG-NS+MAX-NS,LYR-1,4,"torch.Size([61, 1536])",12,0,,NORMAL,76.22,65.32,91.6,49.11,81.27,87.6,68.58,74.24285714285715
20,deberta-base,SUM-NS+MAX-NS_LYR-1,two-tokens,SUM-NS+MAX-NS,LYR-1,4,"torch.Size([61, 1536])",12,0,,NORMAL,75.17,65.59,90.69,72.2,82.37,89.4,70.09,77.92999999999999
21,deberta-base,CLS+AVG_LYR-2,two-tokens,CLS+AVG,LYR-2,4,"torch.Size([61, 1536])",12,0,,NORMAL,78.41,82.04,93.55,89.45,82.7,91.6,72.7,84.35000000000001
22,deberta-base,CLS+SUM_LYR-2,two-tokens,CLS+SUM,LYR-2,4,"torch.Size([61, 1536])",12,0,,NORMAL,77.85,78.39,92.25,87.67,83.14,90.0,72.58,83.12571428571428
23,deberta-base,CLS+MAX_LYR-2,two-tokens,CLS+MAX,LYR-2,4,"torch.Size([61, 1536])",12,0,,NORMAL,73.09,77.09,89.45,87.95,75.89,90.4,70.84,80.67285714285715
24,deberta-base,CLS+AVG-NS_LYR-2,two-tokens,CLS+AVG-NS,LYR-2,4,"torch.Size([61, 1536])",12,0,,NORMAL,78.32,81.7,93.47,89.2,82.32,91.4,72.41,84.11714285714285
25,deberta-base,CLS+SUM-NS_LYR-2,two-tokens,CLS+SUM-NS,LYR-2,4,"torch.Size([61, 1536])",12,0,,NORMAL,77.46,78.73,92.18,87.6,82.81,90.0,72.58,83.05142857142857
26,deberta-base,CLS+MAX-NS_LYR-2,two-tokens,CLS+MAX-NS,LYR-2,4,"torch.Size([61, 1536])",12,0,,NORMAL,72.5,64.79,89.68,49.07,75.78,88.6,70.38,72.97142857142858
27,deberta-base,AVG+SUM_LYR-2,two-tokens,AVG+SUM,LYR-2,4,"torch.Size([61, 1536])",12,0,,NORMAL,77.88,78.54,92.09,87.99,83.03,90.0,72.35,83.12571428571428
28,deberta-base,AVG+MAX_LYR-2,two-tokens,AVG+MAX,LYR-2,4,"torch.Size([61, 1536])",12,0,,NORMAL,76.87,78.46,92.23,88.78,81.05,90.2,70.9,82.64142857142858
29,deberta-base,AVG+AVG-NS_LYR-2,two-tokens,AVG+AVG-NS,LYR-2,4,"torch.Size([61, 1536])",12,0,,NORMAL,78.23,81.93,93.56,89.29,83.58,90.8,71.83,84.17428571428572
30,deberta-base,AVG+SUM-NS_LYR-2,two-tokens,AVG+SUM-NS,LYR-2,4,"torch.Size([61, 1536])",12,0,,NORMAL,77.36,78.62,91.94,88.14,83.03,89.8,73.45,83.19142857142857
31,deberta-base,AVG+MAX-NS_LYR-2,two-tokens,AVG+MAX-NS,LYR-2,4,"torch.Size([61, 1536])",12,0,,NORMAL,76.67,65.16,92.26,49.42,80.89,90.8,70.96,75.16571428571429
32,deberta-base,SUM+MAX_LYR-2,two-tokens,SUM+MAX,LYR-2,4,"torch.Size([61, 1536])",12,0,,NORMAL,77.43,78.07,91.92,87.27,82.15,90.4,72.81,82.86428571428571
33,deberta-base,SUM+AVG-NS_LYR-2,two-tokens,SUM+AVG-NS,LYR-2,4,"torch.Size([61, 1536])",12,0,,NORMAL,77.79,78.52,92.15,87.54,83.31,89.4,72.41,83.01714285714286
34,deberta-base,SUM+SUM-NS_LYR-2,two-tokens,SUM+SUM-NS,LYR-2,4,"torch.Size([61, 1536])",12,0,,NORMAL,77.49,78.36,91.94,87.55,82.65,89.2,72.46,82.80714285714285
35,deberta-base,SUM+MAX-NS_LYR-2,two-tokens,SUM+MAX-NS,LYR-2,4,"torch.Size([61, 1536])",12,0,,NORMAL,77.33,65.16,91.86,49.19,82.15,90.6,72.87,75.59428571428573
36,deberta-base,MAX+AVG-NS_LYR-2,two-tokens,MAX+AVG-NS,LYR-2,4,"torch.Size([61, 1536])",12,0,,NORMAL,76.84,78.52,92.35,88.39,80.4,90.0,70.43,82.41857142857144
37,deberta-base,MAX+SUM-NS_LYR-2,two-tokens,MAX+SUM-NS,LYR-2,4,"torch.Size([61, 1536])",12,0,,NORMAL,76.96,78.49,91.52,87.49,82.04,90.4,72.93,82.83285714285714
38,deberta-base,MAX+MAX-NS_LYR-2,two-tokens,MAX+MAX-NS,LYR-2,4,"torch.Size([61, 1536])",12,0,,NORMAL,72.6,64.95,89.44,49.11,75.89,89.6,71.83,73.3457142857143
39,deberta-base,AVG-NS+SUM-NS_LYR-2,two-tokens,AVG-NS+SUM-NS,LYR-2,4,"torch.Size([61, 1536])",12,0,,NORMAL,77.31,78.68,91.97,87.66,82.54,89.8,71.88,82.83428571428571
40,deberta-base,AVG-NS+MAX-NS_LYR-2,two-tokens,AVG-NS+MAX-NS,LYR-2,4,"torch.Size([61, 1536])",12,0,,NORMAL,76.89,65.35,92.4,49.19,80.45,90.6,71.19,75.15285714285713
41,deberta-base,SUM-NS+MAX-NS_LYR-2,two-tokens,SUM-NS+MAX-NS,LYR-2,4,"torch.Size([61, 1536])",12,0,,NORMAL,77.04,65.96,91.54,49.1,82.43,90.4,72.75,75.60285714285715
42,deberta-base,CLS+AVG_LYR-3,two-tokens,CLS+AVG,LYR-3,4,"torch.Size([61, 1536])",12,0,,NORMAL,79.71,83.02,94.28,89.78,84.95,92.4,73.91,85.43571428571428
43,deberta-base,CLS+SUM_LYR-3,two-tokens,CLS+SUM,LYR-3,4,"torch.Size([61, 1536])",12,0,,NORMAL,78.29,79.44,92.48,88.16,84.68,91.8,72.41,83.89428571428572
44,deberta-base,CLS+MAX_LYR-3,two-tokens,CLS+MAX,LYR-3,4,"torch.Size([61, 1536])",12,0,,NORMAL,74.62,78.23,90.78,88.23,78.42,91.0,71.19,81.78142857142858
45,deberta-base,CLS+AVG-NS_LYR-3,two-tokens,CLS+AVG-NS,LYR-3,4,"torch.Size([61, 1536])",12,0,,NORMAL,79.38,82.44,94.28,89.22,84.4,93.0,74.84,85.36571428571429
46,deberta-base,CLS+SUM-NS_LYR-3,two-tokens,CLS+SUM-NS,LYR-3,4,"torch.Size([61, 1536])",12,0,,NORMAL,78.24,79.71,92.45,88.35,84.35,91.4,72.7,83.88571428571429
47,deberta-base,CLS+MAX-NS_LYR-3,two-tokens,CLS+MAX-NS,LYR-3,4,"torch.Size([61, 1536])",12,0,,NORMAL,74.44,64.95,90.79,49.22,78.09,91.4,70.49,74.19714285714285
48,deberta-base,AVG+SUM_LYR-3,two-tokens,AVG+SUM,LYR-3,4,"torch.Size([61, 1536])",12,0,,NORMAL,78.35,79.1,92.55,88.31,84.35,92.4,72.41,83.9242857142857
49,deberta-base,AVG+MAX_LYR-3,two-tokens,AVG+MAX,LYR-3,4,"torch.Size([61, 1536])",12,0,,NORMAL,77.81,80.61,93.07,88.84,84.13,92.6,69.45,83.78714285714287
50,deberta-base,AVG+AVG-NS_LYR-3,two-tokens,AVG+AVG-NS,LYR-3,4,"torch.Size([61, 1536])",12,0,,NORMAL,79.47,82.46,94.31,89.21,85.06,92.4,74.38,85.32714285714285
51,deberta-base,AVG+SUM-NS_LYR-3,two-tokens,AVG+SUM-NS,LYR-3,4,"torch.Size([61, 1536])",12,0,,NORMAL,78.0,79.73,92.46,88.5,83.47,91.0,72.23,83.62714285714286
52,deberta-base,AVG+MAX-NS_LYR-3,two-tokens,AVG+MAX-NS,LYR-3,4,"torch.Size([61, 1536])",12,0,,NORMAL,78.58,65.32,92.98,49.44,84.62,92.4,70.67,76.28714285714285
53,deberta-base,SUM+MAX_LYR-3,two-tokens,SUM+MAX,LYR-3,4,"torch.Size([61, 1536])",12,0,,NORMAL,78.41,79.55,92.47,87.7,84.95,92.0,72.29,83.90999999999998
54,deberta-base,SUM+AVG-NS_LYR-3,two-tokens,SUM+AVG-NS,LYR-3,4,"torch.Size([61, 1536])",12,0,,NORMAL,78.23,79.31,92.42,87.87,84.24,91.4,72.64,83.73
55,deberta-base,SUM+SUM-NS_LYR-3,two-tokens,SUM+SUM-NS,LYR-3,4,"torch.Size([61, 1536])",12,0,,NORMAL,77.98,78.81,92.29,87.98,84.35,90.6,72.23,83.46285714285716
56,deberta-base,SUM+MAX-NS_LYR-3,two-tokens,SUM+MAX-NS,LYR-3,4,"torch.Size([61, 1536])",12,0,,NORMAL,78.16,67.73,92.22,49.21,84.29,92.0,72.46,76.58142857142857
57,deberta-base,MAX+AVG-NS_LYR-3,two-tokens,MAX+AVG-NS,LYR-3,4,"torch.Size([61, 1536])",12,0,,NORMAL,78.17,80.43,92.97,88.31,82.87,92.8,71.54,83.86999999999999
58,deberta-base,MAX+SUM-NS_LYR-3,two-tokens,MAX+SUM-NS,LYR-3,4,"torch.Size([61, 1536])",12,0,,NORMAL,78.02,79.23,92.44,87.8,84.51,91.8,72.12,83.70285714285714
59,deberta-base,MAX+MAX-NS_LYR-3,two-tokens,MAX+MAX-NS,LYR-3,4,"torch.Size([61, 1536])",12,0,,NORMAL,74.26,65.06,90.41,49.14,78.47,92.0,70.38,74.24571428571429
60,deberta-base,AVG-NS+SUM-NS_LYR-3,two-tokens,AVG-NS+SUM-NS,LYR-3,4,"torch.Size([61, 1536])",12,0,,NORMAL,78.14,79.49,92.48,88.09,83.8,92.2,72.58,83.8257142857143
61,deberta-base,AVG-NS+MAX-NS_LYR-3,two-tokens,AVG-NS+MAX-NS,LYR-3,4,"torch.Size([61, 1536])",12,0,,NORMAL,78.45,65.22,93.11,49.28,83.42,93.0,70.38,76.12285714285716
62,deberta-base,SUM-NS+MAX-NS_LYR-3,two-tokens,SUM-NS+MAX-NS,LYR-3,4,"torch.Size([61, 1536])",12,0,,NORMAL,78.18,66.94,92.35,49.21,84.51,91.6,72.75,76.50571428571428
63,deberta-base,CLS+AVG_LYR-4,two-tokens,CLS+AVG,LYR-4,4,"torch.Size([61, 1536])",12,0,,NORMAL,80.99,85.51,94.45,90.08,85.72,93.6,74.32,86.38142857142859
64,deberta-base,CLS+SUM_LYR-4,two-tokens,CLS+SUM,LYR-4,4,"torch.Size([61, 1536])",12,0,,NORMAL,80.19,82.1,92.76,88.6,85.89,92.2,71.3,84.72
65,deberta-base,CLS+MAX_LYR-4,two-tokens,CLS+MAX,LYR-4,4,"torch.Size([61, 1536])",12,0,,NORMAL,75.49,82.07,91.9,88.71,79.96,92.4,70.84,83.05285714285715
66,deberta-base,CLS+AVG-NS_LYR-4,two-tokens,CLS+AVG-NS,LYR-4,4,"torch.Size([61, 1536])",12,0,,NORMAL,80.71,84.69,94.57,89.7,85.56,94.6,74.2,86.28999999999999
67,deberta-base,CLS+SUM-NS_LYR-4,two-tokens,CLS+SUM-NS,LYR-4,4,"torch.Size([61, 1536])",12,0,,NORMAL,80.07,82.07,92.57,88.55,85.56,93.0,71.42,84.74857142857141
68,deberta-base,CLS+MAX-NS_LYR-4,two-tokens,CLS+MAX-NS,LYR-4,4,"torch.Size([61, 1536])",12,0,,NORMAL,75.25,65.69,91.92,49.5,79.46,92.8,70.78,75.05714285714285
69,deberta-base,AVG+SUM_LYR-4,two-tokens,AVG+SUM,LYR-4,4,"torch.Size([61, 1536])",12,0,,NORMAL,80.11,81.59,92.75,88.63,85.45,92.8,71.59,84.70285714285714
70,deberta-base,AVG+MAX_LYR-4,two-tokens,AVG+MAX,LYR-4,4,"torch.Size([61, 1536])",12,0,,NORMAL,79.69,84.11,93.84,89.36,85.06,93.8,71.07,85.2757142857143
71,deberta-base,AVG+AVG-NS_LYR-4,two-tokens,AVG+AVG-NS,LYR-4,4,"torch.Size([61, 1536])",12,0,,NORMAL,80.83,85.27,94.4,89.73,86.55,93.4,73.86,86.29142857142858
72,deberta-base,AVG+SUM-NS_LYR-4,two-tokens,AVG+SUM-NS,LYR-4,4,"torch.Size([61, 1536])",12,0,,NORMAL,80.02,81.65,92.55,88.65,85.83,92.8,71.71,84.74428571428572
73,deberta-base,AVG+MAX-NS_LYR-4,two-tokens,AVG+MAX-NS,LYR-4,4,"torch.Size([61, 1536])",12,0,,NORMAL,79.69,65.93,93.82,49.5,85.12,93.4,71.88,77.04857142857144
74,deberta-base,SUM+MAX_LYR-4,two-tokens,SUM+MAX,LYR-4,4,"torch.Size([61, 1536])",12,0,,NORMAL,80.08,81.64,92.73,88.35,85.67,93.8,71.25,84.78857142857143
75,deberta-base,SUM+AVG-NS_LYR-4,two-tokens,SUM+AVG-NS,LYR-4,4,"torch.Size([61, 1536])",12,0,,NORMAL,80.29,81.86,92.79,88.61,86.22,92.8,71.19,84.82285714285715
76,deberta-base,SUM+SUM-NS_LYR-4,two-tokens,SUM+SUM-NS,LYR-4,4,"torch.Size([61, 1536])",12,0,,NORMAL,79.95,81.8,92.58,88.49,85.67,93.0,72.0,84.78428571428572
77,deberta-base,SUM+MAX-NS_LYR-4,two-tokens,SUM+MAX-NS,LYR-4,4,"torch.Size([61, 1536])",12,0,,NORMAL,79.84,65.64,92.65,49.28,85.5,93.6,71.77,76.89714285714285
78,deberta-base,MAX+AVG-NS_LYR-4,two-tokens,MAX+AVG-NS,LYR-4,4,"torch.Size([61, 1536])",12,0,,NORMAL,79.58,83.66,93.98,89.04,84.13,93.4,70.9,84.9557142857143
79,deberta-base,MAX+SUM-NS_LYR-4,two-tokens,MAX+SUM-NS,LYR-4,4,"torch.Size([61, 1536])",12,0,,NORMAL,79.76,81.88,92.45,88.21,85.28,93.6,71.88,84.72285714285714
80,deberta-base,MAX+MAX-NS_LYR-4,two-tokens,MAX+MAX-NS,LYR-4,4,"torch.Size([61, 1536])",12,0,,NORMAL,75.26,65.67,91.61,49.3,79.85,92.6,70.96,75.0357142857143
81,deberta-base,AVG-NS+SUM-NS_LYR-4,two-tokens,AVG-NS+SUM-NS,LYR-4,4,"torch.Size([61, 1536])",12,0,,NORMAL,80.06,81.64,92.62,88.43,86.11,92.6,71.48,84.7057142857143
82,deberta-base,AVG-NS+MAX-NS_LYR-4,two-tokens,AVG-NS+MAX-NS,LYR-4,4,"torch.Size([61, 1536])",12,0,,NORMAL,79.59,65.85,93.85,49.39,84.79,93.4,72.35,77.03142857142858
83,deberta-base,SUM-NS+MAX-NS_LYR-4,two-tokens,SUM-NS+MAX-NS,LYR-4,4,"torch.Size([61, 1536])",12,0,,NORMAL,79.65,66.62,92.4,49.28,85.34,93.2,72.52,77.00142857142859
84,deberta-base,CLS+AVG_LYR-5,two-tokens,CLS+AVG,LYR-5,4,"torch.Size([61, 1536])",12,0,,NORMAL,81.98,86.97,95.16,90.35,87.26,94.2,74.2,87.16000000000001
85,deberta-base,CLS+SUM_LYR-5,two-tokens,CLS+SUM,LYR-5,4,"torch.Size([61, 1536])",12,0,,NORMAL,80.57,84.32,93.29,88.91,86.16,94.0,71.13,85.48285714285714
86,deberta-base,CLS+MAX_LYR-5,two-tokens,CLS+MAX,LYR-5,4,"torch.Size([61, 1536])",12,0,,NORMAL,77.29,82.07,92.23,88.93,80.83,92.0,70.96,83.47285714285715
87,deberta-base,CLS+AVG-NS_LYR-5,two-tokens,CLS+AVG-NS,LYR-5,4,"torch.Size([61, 1536])",12,0,,NORMAL,81.82,86.62,95.24,89.84,87.2,94.6,73.8,87.01714285714284
88,deberta-base,CLS+SUM-NS_LYR-5,two-tokens,CLS+SUM-NS,LYR-5,4,"torch.Size([61, 1536])",12,0,,NORMAL,80.42,83.84,93.31,88.8,86.88,94.2,71.88,85.61857142857143
89,deberta-base,CLS+MAX-NS_LYR-5,two-tokens,CLS+MAX-NS,LYR-5,4,"torch.Size([61, 1536])",12,0,,NORMAL,77.09,65.56,92.21,49.43,80.94,92.4,71.25,75.55428571428571
90,deberta-base,AVG+SUM_LYR-5,two-tokens,AVG+SUM,LYR-5,4,"torch.Size([61, 1536])",12,0,,NORMAL,80.5,84.16,93.32,88.89,86.44,93.8,71.19,85.47142857142856
91,deberta-base,AVG+MAX_LYR-5,two-tokens,AVG+MAX,LYR-5,4,"torch.Size([61, 1536])",12,0,,NORMAL,80.96,85.11,94.54,89.5,85.78,93.2,72.29,85.91142857142857
92,deberta-base,AVG+AVG-NS_LYR-5,two-tokens,AVG+AVG-NS,LYR-5,4,"torch.Size([61, 1536])",12,0,,NORMAL,81.62,86.86,95.34,89.85,87.48,95.0,74.2,87.19285714285716
93,deberta-base,AVG+SUM-NS_LYR-5,two-tokens,AVG+SUM-NS,LYR-5,4,"torch.Size([61, 1536])",12,0,,NORMAL,80.48,83.68,93.49,88.97,86.55,93.8,71.54,85.50142857142858
94,deberta-base,AVG+MAX-NS_LYR-5,two-tokens,AVG+MAX-NS,LYR-5,4,"torch.Size([61, 1536])",12,0,,NORMAL,80.47,65.88,94.47,49.38,86.05,93.8,72.12,77.45285714285716
95,deberta-base,SUM+MAX_LYR-5,two-tokens,SUM+MAX,LYR-5,4,"torch.Size([61, 1536])",12,0,,NORMAL,80.34,84.08,93.28,88.72,86.55,93.6,71.3,85.41
96,deberta-base,SUM+AVG-NS_LYR-5,two-tokens,SUM+AVG-NS,LYR-5,4,"torch.Size([61, 1536])",12,0,,NORMAL,80.43,84.24,93.35,88.8,86.66,94.0,70.84,85.47428571428573
97,deberta-base,SUM+SUM-NS_LYR-5,two-tokens,SUM+SUM-NS,LYR-5,4,"torch.Size([61, 1536])",12,0,,NORMAL,80.34,83.71,93.41,88.65,86.93,93.6,70.84,85.35428571428572
98,deberta-base,SUM+MAX-NS_LYR-5,two-tokens,SUM+MAX-NS,LYR-5,4,"torch.Size([61, 1536])",12,0,,NORMAL,80.38,66.54,93.21,49.43,85.94,93.8,71.54,77.26285714285714
99,deberta-base,MAX+AVG-NS_LYR-5,two-tokens,MAX+AVG-NS,LYR-5,4,"torch.Size([61, 1536])",12,0,,NORMAL,80.56,85.06,94.49,89.27,85.39,93.4,72.12,85.75571428571428
100,deberta-base,MAX+SUM-NS_LYR-5,two-tokens,MAX+SUM-NS,LYR-5,4,"torch.Size([61, 1536])",12,0,,NORMAL,80.36,83.92,93.24,88.74,85.94,94.0,71.36,85.36571428571429
101,deberta-base,MAX+MAX-NS_LYR-5,two-tokens,MAX+MAX-NS,LYR-5,4,"torch.Size([61, 1536])",12,0,,NORMAL,77.07,65.56,91.91,49.46,80.94,92.4,70.43,75.39571428571428
102,deberta-base,AVG-NS+SUM-NS_LYR-5,two-tokens,AVG-NS+SUM-NS,LYR-5,4,"torch.Size([61, 1536])",12,0,,NORMAL,80.2,83.6,93.41,88.83,86.66,93.8,71.19,85.38428571428572
103,deberta-base,AVG-NS+MAX-NS_LYR-5,two-tokens,AVG-NS+MAX-NS,LYR-5,4,"torch.Size([61, 1536])",12,0,,NORMAL,80.6,65.8,94.6,49.35,85.23,93.6,72.35,77.36142857142856
104,deberta-base,SUM-NS+MAX-NS_LYR-5,two-tokens,SUM-NS+MAX-NS,LYR-5,4,"torch.Size([61, 1536])",12,0,,NORMAL,80.44,66.81,93.33,49.38,86.44,93.8,71.59,77.39857142857143
105,deberta-base,CLS+AVG_LYR-6,two-tokens,CLS+AVG,LYR-6,4,"torch.Size([61, 1536])",12,0,,NORMAL,84.1,88.88,95.77,90.85,88.36,95.2,75.25,88.34428571428573
106,deberta-base,CLS+SUM_LYR-6,two-tokens,CLS+SUM,LYR-6,4,"torch.Size([61, 1536])",12,0,,NORMAL,82.27,85.25,94.08,89.31,87.1,93.8,72.75,86.36571428571428
107,deberta-base,CLS+MAX_LYR-6,two-tokens,CLS+MAX,LYR-6,4,"torch.Size([61, 1536])",12,0,,NORMAL,79.36,84.56,93.52,89.35,83.31,95.4,72.0,85.35714285714286
108,deberta-base,CLS+AVG-NS_LYR-6,two-tokens,CLS+AVG-NS,LYR-6,4,"torch.Size([61, 1536])",12,0,,NORMAL,83.98,88.56,95.7,90.53,88.47,95.4,74.49,88.16142857142857
109,deberta-base,CLS+SUM-NS_LYR-6,two-tokens,CLS+SUM-NS,LYR-6,4,"torch.Size([61, 1536])",12,0,,NORMAL,82.5,85.19,93.91,89.21,87.86,94.4,71.77,86.4057142857143
110,deberta-base,CLS+MAX-NS_LYR-6,two-tokens,CLS+MAX-NS,LYR-6,4,"torch.Size([61, 1536])",12,0,,NORMAL,79.43,65.54,93.6,49.62,83.47,94.4,71.88,76.84857142857142
111,deberta-base,AVG+SUM_LYR-6,two-tokens,AVG+SUM,LYR-6,4,"torch.Size([61, 1536])",12,0,,NORMAL,82.34,85.38,94.01,89.59,87.53,94.2,72.64,86.52714285714286
112,deberta-base,AVG+MAX_LYR-6,two-tokens,AVG+MAX,LYR-6,4,"torch.Size([61, 1536])",12,0,,NORMAL,82.54,87.39,95.1,90.22,88.19,96.4,73.1,87.56285714285715
113,deberta-base,AVG+AVG-NS_LYR-6,two-tokens,AVG+AVG-NS,LYR-6,4,"torch.Size([61, 1536])",12,0,,NORMAL,83.78,88.9,95.79,90.67,88.58,95.2,74.61,88.21857142857144
114,deberta-base,AVG+SUM-NS_LYR-6,two-tokens,AVG+SUM-NS,LYR-6,4,"torch.Size([61, 1536])",12,0,,NORMAL,82.53,85.12,94.01,89.45,87.97,94.4,72.17,86.52142857142857
115,deberta-base,AVG+MAX-NS_LYR-6,two-tokens,AVG+MAX-NS,LYR-6,4,"torch.Size([61, 1536])",12,0,,NORMAL,82.37,66.06,95.11,49.67,87.92,96.2,72.35,78.5257142857143
116,deberta-base,SUM+MAX_LYR-6,two-tokens,SUM+MAX,LYR-6,4,"torch.Size([61, 1536])",12,0,,NORMAL,82.11,85.7,94.14,89.02,87.42,94.2,73.04,86.51857142857143
117,deberta-base,SUM+AVG-NS_LYR-6,two-tokens,SUM+AVG-NS,LYR-6,4,"torch.Size([61, 1536])",12,0,,NORMAL,82.27,85.27,94.17,89.46,88.25,94.0,72.87,86.61285714285714
118,deberta-base,SUM+SUM-NS_LYR-6,two-tokens,SUM+SUM-NS,LYR-6,4,"torch.Size([61, 1536])",12,0,,NORMAL,82.48,84.8,94.0,89.15,87.64,93.8,73.1,86.4242857142857
119,deberta-base,SUM+MAX-NS_LYR-6,two-tokens,SUM+MAX-NS,LYR-6,4,"torch.Size([61, 1536])",12,0,,NORMAL,82.35,75.15,94.11,49.57,87.31,94.0,73.28,79.39571428571428
120,deberta-base,MAX+AVG-NS_LYR-6,two-tokens,MAX+AVG-NS,LYR-6,4,"torch.Size([61, 1536])",12,0,,NORMAL,82.33,87.5,95.19,89.86,88.03,96.2,73.62,87.53285714285714
121,deberta-base,MAX+SUM-NS_LYR-6,two-tokens,MAX+SUM-NS,LYR-6,4,"torch.Size([61, 1536])",12,0,,NORMAL,82.16,85.32,93.88,89.16,87.53,94.6,72.06,86.38714285714286
122,deberta-base,MAX+MAX-NS_LYR-6,two-tokens,MAX+MAX-NS,LYR-6,4,"torch.Size([61, 1536])",12,0,,NORMAL,79.22,65.64,93.28,49.57,83.75,94.6,71.77,76.83285714285715
123,deberta-base,AVG-NS+SUM-NS_LYR-6,two-tokens,AVG-NS+SUM-NS,LYR-6,4,"torch.Size([61, 1536])",12,0,,NORMAL,82.46,85.3,93.88,89.43,87.97,94.4,72.99,86.63285714285713
124,deberta-base,AVG-NS+MAX-NS_LYR-6,two-tokens,AVG-NS+MAX-NS,LYR-6,4,"torch.Size([61, 1536])",12,0,,NORMAL,82.2,65.98,95.11,49.67,87.48,96.4,73.33,78.5957142857143
125,deberta-base,SUM-NS+MAX-NS_LYR-6,two-tokens,SUM-NS+MAX-NS,LYR-6,4,"torch.Size([61, 1536])",12,0,,NORMAL,82.07,76.47,93.95,49.62,87.64,94.6,71.71,79.43714285714286
126,deberta-base,CLS+AVG_LYR-7,two-tokens,CLS+AVG,LYR-7,4,"torch.Size([61, 1536])",12,0,,NORMAL,85.61,90.65,96.03,90.87,90.99,95.8,76.64,89.51285714285713
127,deberta-base,CLS+SUM_LYR-7,two-tokens,CLS+SUM,LYR-7,4,"torch.Size([61, 1536])",12,0,,NORMAL,84.57,87.63,94.41,89.41,90.61,95.2,72.7,87.79
128,deberta-base,CLS+MAX_LYR-7,two-tokens,CLS+MAX,LYR-7,4,"torch.Size([61, 1536])",12,0,,NORMAL,81.97,86.62,93.72,89.56,87.7,94.6,73.62,86.82714285714285
129,deberta-base,CLS+AVG-NS_LYR-7,two-tokens,CLS+AVG-NS,LYR-7,4,"torch.Size([61, 1536])",12,0,,NORMAL,85.55,90.46,96.12,90.54,90.94,96.0,75.42,89.28999999999999
130,deberta-base,CLS+SUM-NS_LYR-7,two-tokens,CLS+SUM-NS,LYR-7,4,"torch.Size([61, 1536])",12,0,,NORMAL,84.86,87.12,94.33,89.7,90.72,95.4,72.81,87.84857142857143
131,deberta-base,CLS+MAX-NS_LYR-7,two-tokens,CLS+MAX-NS,LYR-7,4,"torch.Size([61, 1536])",12,0,,NORMAL,81.85,65.98,93.7,49.77,87.26,94.4,72.46,77.91714285714285
132,deberta-base,AVG+SUM_LYR-7,two-tokens,AVG+SUM,LYR-7,4,"torch.Size([61, 1536])",12,0,,NORMAL,84.54,87.84,94.28,89.65,89.79,95.2,72.81,87.72999999999999
133,deberta-base,AVG+MAX_LYR-7,two-tokens,AVG+MAX,LYR-7,4,"torch.Size([61, 1536])",12,0,,NORMAL,84.43,88.74,95.28,90.28,90.5,95.4,73.74,88.33857142857143
134,deberta-base,AVG+AVG-NS_LYR-7,two-tokens,AVG+AVG-NS,LYR-7,4,"torch.Size([61, 1536])",12,0,,NORMAL,85.73,90.57,96.01,90.63,90.66,95.6,75.65,89.26428571428572
135,deberta-base,AVG+SUM-NS_LYR-7,two-tokens,AVG+SUM-NS,LYR-7,4,"torch.Size([61, 1536])",12,0,,NORMAL,84.65,87.18,94.33,89.82,89.79,95.4,73.62,87.82714285714287
136,deberta-base,AVG+MAX-NS_LYR-7,two-tokens,AVG+MAX-NS,LYR-7,4,"torch.Size([61, 1536])",12,0,,NORMAL,84.41,66.2,95.28,49.74,90.33,95.8,73.86,79.37428571428572
137,deberta-base,SUM+MAX_LYR-7,two-tokens,SUM+MAX,LYR-7,4,"torch.Size([61, 1536])",12,0,,NORMAL,84.51,88.0,94.31,89.02,89.46,95.4,73.22,87.70285714285714
138,deberta-base,SUM+AVG-NS_LYR-7,two-tokens,SUM+AVG-NS,LYR-7,4,"torch.Size([61, 1536])",12,0,,NORMAL,84.49,87.9,94.33,89.47,89.79,95.0,73.22,87.74285714285715
139,deberta-base,SUM+SUM-NS_LYR-7,two-tokens,SUM+SUM-NS,LYR-7,4,"torch.Size([61, 1536])",12,0,,NORMAL,84.39,87.55,94.39,89.38,90.23,95.0,73.68,87.80285714285716
140,deberta-base,SUM+MAX-NS_LYR-7,two-tokens,SUM+MAX-NS,LYR-7,4,"torch.Size([61, 1536])",12,0,,NORMAL,84.25,80.16,94.37,49.59,90.55,95.6,72.81,81.04714285714284
141,deberta-base,MAX+AVG-NS_LYR-7,two-tokens,MAX+AVG-NS,LYR-7,4,"torch.Size([61, 1536])",12,0,,NORMAL,84.54,88.93,95.37,90.34,89.9,95.8,73.62,88.35714285714286
142,deberta-base,MAX+SUM-NS_LYR-7,two-tokens,MAX+SUM-NS,LYR-7,4,"torch.Size([61, 1536])",12,0,,NORMAL,84.59,87.68,94.48,88.94,90.23,95.8,73.45,87.88142857142859
143,deberta-base,MAX+MAX-NS_LYR-7,two-tokens,MAX+MAX-NS,LYR-7,4,"torch.Size([61, 1536])",12,0,,NORMAL,81.58,65.93,93.36,49.68,87.26,94.6,73.04,77.92142857142856
144,deberta-base,AVG-NS+SUM-NS_LYR-7,two-tokens,AVG-NS+SUM-NS,LYR-7,4,"torch.Size([61, 1536])",12,0,,NORMAL,84.71,87.1,94.39,89.72,90.77,95.2,73.62,87.92999999999999
145,deberta-base,AVG-NS+MAX-NS_LYR-7,two-tokens,AVG-NS+MAX-NS,LYR-7,4,"torch.Size([61, 1536])",12,0,,NORMAL,84.57,66.14,95.26,49.8,89.9,95.8,73.68,79.30714285714285
146,deberta-base,SUM-NS+MAX-NS_LYR-7,two-tokens,SUM-NS+MAX-NS,LYR-7,4,"torch.Size([61, 1536])",12,0,,NORMAL,84.68,81.06,94.56,49.58,90.28,96.0,73.39,81.36428571428571
147,deberta-base,CLS+AVG_LYR-8,two-tokens,CLS+AVG,LYR-8,4,"torch.Size([61, 1536])",12,0,,NORMAL,86.75,91.44,96.13,90.9,91.38,97.0,77.86,90.20857142857143
148,deberta-base,CLS+SUM_LYR-8,two-tokens,CLS+SUM,LYR-8,4,"torch.Size([61, 1536])",12,0,,NORMAL,84.84,87.87,94.36,89.13,91.1,95.2,75.42,88.27428571428571
149,deberta-base,CLS+MAX_LYR-8,two-tokens,CLS+MAX,LYR-8,4,"torch.Size([61, 1536])",12,0,,NORMAL,83.42,88.13,94.08,89.06,89.18,94.8,71.42,87.15571428571427
150,deberta-base,CLS+AVG-NS_LYR-8,two-tokens,CLS+AVG-NS,LYR-8,4,"torch.Size([61, 1536])",12,0,,NORMAL,86.56,91.34,96.01,90.42,91.32,96.8,76.93,89.91142857142859
151,deberta-base,CLS+SUM-NS_LYR-8,two-tokens,CLS+SUM-NS,LYR-8,4,"torch.Size([61, 1536])",12,0,,NORMAL,85.19,87.79,94.34,89.24,91.05,95.6,74.84,88.29285714285716
152,deberta-base,CLS+MAX-NS_LYR-8,two-tokens,CLS+MAX-NS,LYR-8,4,"torch.Size([61, 1536])",12,0,,NORMAL,83.52,66.09,94.0,49.62,88.85,94.6,72.46,78.44857142857144
153,deberta-base,AVG+SUM_LYR-8,two-tokens,AVG+SUM,LYR-8,4,"torch.Size([61, 1536])",12,0,,NORMAL,84.82,88.16,94.42,89.1,90.01,96.0,75.01,88.21714285714286
154,deberta-base,AVG+MAX_LYR-8,two-tokens,AVG+MAX,LYR-8,4,"torch.Size([61, 1536])",12,0,,NORMAL,85.19,89.8,95.41,90.28,90.28,95.6,73.51,88.58142857142856
155,deberta-base,AVG+AVG-NS_LYR-8,two-tokens,AVG+AVG-NS,LYR-8,4,"torch.Size([61, 1536])",12,0,,NORMAL,86.47,91.23,96.13,90.46,91.87,96.2,75.77,89.73285714285714
156,deberta-base,AVG+SUM-NS_LYR-8,two-tokens,AVG+SUM-NS,LYR-8,4,"torch.Size([61, 1536])",12,0,,NORMAL,85.1,87.87,94.2,89.24,90.55,95.2,75.07,88.17571428571429
157,deberta-base,AVG+MAX-NS_LYR-8,two-tokens,AVG+MAX-NS,LYR-8,4,"torch.Size([61, 1536])",12,0,,NORMAL,85.23,66.28,95.47,49.7,90.77,95.8,73.28,79.50428571428571
158,deberta-base,SUM+MAX_LYR-8,two-tokens,SUM+MAX,LYR-8,4,"torch.Size([61, 1536])",12,0,,NORMAL,84.8,88.32,94.39,88.95,90.66,95.6,75.19,88.27285714285715
159,deberta-base,SUM+AVG-NS_LYR-8,two-tokens,SUM+AVG-NS,LYR-8,4,"torch.Size([61, 1536])",12,0,,NORMAL,84.93,88.13,94.46,89.35,90.72,95.6,74.49,88.24000000000001
160,deberta-base,SUM+SUM-NS_LYR-8,two-tokens,SUM+SUM-NS,LYR-8,4,"torch.Size([61, 1536])",12,0,,NORMAL,84.86,87.68,94.27,88.99,91.05,95.6,76.29,88.39142857142858
161,deberta-base,SUM+MAX-NS_LYR-8,two-tokens,SUM+MAX-NS,LYR-8,4,"torch.Size([61, 1536])",12,0,,NORMAL,84.75,82.14,94.39,49.46,90.66,95.6,74.43,81.63285714285715
162,deberta-base,MAX+AVG-NS_LYR-8,two-tokens,MAX+AVG-NS,LYR-8,4,"torch.Size([61, 1536])",12,0,,NORMAL,85.4,89.75,95.48,90.25,90.72,95.8,73.22,88.66
163,deberta-base,MAX+SUM-NS_LYR-8,two-tokens,MAX+SUM-NS,LYR-8,4,"torch.Size([61, 1536])",12,0,,NORMAL,84.66,87.84,94.39,88.93,90.77,95.2,74.55,88.04857142857142
164,deberta-base,MAX+MAX-NS_LYR-8,two-tokens,MAX+MAX-NS,LYR-8,4,"torch.Size([61, 1536])",12,0,,NORMAL,83.19,66.01,93.81,49.72,89.46,95.0,71.19,78.34
165,deberta-base,AVG-NS+SUM-NS_LYR-8,two-tokens,AVG-NS+SUM-NS,LYR-8,4,"torch.Size([61, 1536])",12,0,,NORMAL,85.05,87.76,94.21,89.32,90.55,95.6,74.32,88.11571428571428
166,deberta-base,AVG-NS+MAX-NS_LYR-8,two-tokens,AVG-NS+MAX-NS,LYR-8,4,"torch.Size([61, 1536])",12,0,,NORMAL,85.39,66.17,95.5,49.66,90.5,96.0,73.39,79.51571428571428
167,deberta-base,SUM-NS+MAX-NS_LYR-8,two-tokens,SUM-NS+MAX-NS,LYR-8,4,"torch.Size([61, 1536])",12,0,,NORMAL,84.97,84.34,94.24,49.48,90.66,95.8,74.96,82.06428571428572
168,deberta-base,CLS+AVG_LYR-9,two-tokens,CLS+AVG,LYR-9,4,"torch.Size([61, 1536])",12,0,,NORMAL,87.6,91.79,96.14,90.71,91.93,96.6,75.25,90.00285714285714
169,deberta-base,CLS+SUM_LYR-9,two-tokens,CLS+SUM,LYR-9,4,"torch.Size([61, 1536])",12,0,,NORMAL,86.26,88.69,94.63,89.19,91.21,95.8,75.42,88.74285714285713
170,deberta-base,CLS+MAX_LYR-9,two-tokens,CLS+MAX,LYR-9,4,"torch.Size([61, 1536])",12,0,,NORMAL,84.5,89.83,94.03,89.05,89.24,94.4,73.74,87.82714285714287
171,deberta-base,CLS+AVG-NS_LYR-9,two-tokens,CLS+AVG-NS,LYR-9,4,"torch.Size([61, 1536])",12,0,,NORMAL,87.57,91.66,96.07,90.6,92.04,96.6,76.7,90.17714285714285
172,deberta-base,CLS+SUM-NS_LYR-9,two-tokens,CLS+SUM-NS,LYR-9,4,"torch.Size([61, 1536])",12,0,,NORMAL,86.2,88.72,94.49,89.28,91.27,95.8,74.26,88.57428571428571
173,deberta-base,CLS+MAX-NS_LYR-9,two-tokens,CLS+MAX-NS,LYR-9,4,"torch.Size([61, 1536])",12,0,,NORMAL,84.35,66.28,94.02,49.58,88.63,94.0,73.8,78.66571428571429
174,deberta-base,AVG+SUM_LYR-9,two-tokens,AVG+SUM,LYR-9,4,"torch.Size([61, 1536])",12,0,,NORMAL,86.22,88.74,94.61,89.22,90.99,95.8,74.43,88.57285714285715
175,deberta-base,AVG+MAX_LYR-9,two-tokens,AVG+MAX,LYR-9,4,"torch.Size([61, 1536])",12,0,,NORMAL,86.76,90.89,95.6,90.32,91.71,94.8,74.9,89.28285714285713
176,deberta-base,AVG+AVG-NS_LYR-9,two-tokens,AVG+AVG-NS,LYR-9,4,"torch.Size([61, 1536])",12,0,,NORMAL,87.59,91.66,96.07,90.52,92.48,96.6,76.29,90.17285714285713
177,deberta-base,AVG+SUM-NS_LYR-9,two-tokens,AVG+SUM-NS,LYR-9,4,"torch.Size([61, 1536])",12,0,,NORMAL,86.23,88.45,94.47,89.39,90.99,95.8,75.3,88.66142857142856
178,deberta-base,AVG+MAX-NS_LYR-9,two-tokens,AVG+MAX-NS,LYR-9,4,"torch.Size([61, 1536])",12,0,,NORMAL,86.82,66.43,95.53,49.7,91.38,95.0,73.86,79.81714285714285
179,deberta-base,SUM+MAX_LYR-9,two-tokens,SUM+MAX,LYR-9,4,"torch.Size([61, 1536])",12,0,,NORMAL,86.07,88.98,94.5,89.26,90.94,95.6,75.71,88.72285714285715
180,deberta-base,SUM+AVG-NS_LYR-9,two-tokens,SUM+AVG-NS,LYR-9,4,"torch.Size([61, 1536])",12,0,,NORMAL,86.14,88.64,94.51,89.49,91.21,95.8,74.84,88.66142857142857
181,deberta-base,SUM+SUM-NS_LYR-9,two-tokens,SUM+SUM-NS,LYR-9,4,"torch.Size([61, 1536])",12,0,,NORMAL,85.91,88.5,94.39,88.96,91.27,95.4,75.13,88.50857142857141
182,deberta-base,SUM+MAX-NS_LYR-9,two-tokens,SUM+MAX-NS,LYR-9,4,"torch.Size([61, 1536])",12,0,,NORMAL,86.0,83.76,94.79,49.62,91.21,95.6,75.42,82.34285714285714
183,deberta-base,MAX+AVG-NS_LYR-9,two-tokens,MAX+AVG-NS,LYR-9,4,"torch.Size([61, 1536])",12,0,,NORMAL,86.71,90.78,95.54,90.04,91.65,95.2,74.43,89.19285714285716
184,deberta-base,MAX+SUM-NS_LYR-9,two-tokens,MAX+SUM-NS,LYR-9,4,"torch.Size([61, 1536])",12,0,,NORMAL,86.03,88.64,94.66,89.02,91.27,95.8,74.43,88.54999999999998
185,deberta-base,MAX+MAX-NS_LYR-9,two-tokens,MAX+MAX-NS,LYR-9,4,"torch.Size([61, 1536])",12,0,,NORMAL,84.1,66.2,93.71,49.6,89.4,94.0,73.04,78.57857142857142
186,deberta-base,AVG-NS+SUM-NS_LYR-9,two-tokens,AVG-NS+SUM-NS,LYR-9,4,"torch.Size([61, 1536])",12,0,,NORMAL,86.32,88.42,94.51,89.42,90.88,95.6,75.65,88.68571428571428
187,deberta-base,AVG-NS+MAX-NS_LYR-9,two-tokens,AVG-NS+MAX-NS,LYR-9,4,"torch.Size([61, 1536])",12,0,,NORMAL,86.63,66.54,95.64,49.78,91.1,95.4,75.07,80.02285714285715
188,deberta-base,SUM-NS+MAX-NS_LYR-9,two-tokens,SUM-NS+MAX-NS,LYR-9,4,"torch.Size([61, 1536])",12,0,,NORMAL,85.8,82.11,94.75,49.69,91.1,95.4,75.65,82.07142857142856
189,deberta-base,CLS+AVG_LYR-10,two-tokens,CLS+AVG,LYR-10,4,"torch.Size([61, 1536])",12,0,,NORMAL,88.37,92.32,96.06,90.34,92.26,96.4,76.17,90.27428571428571
190,deberta-base,CLS+SUM_LYR-10,two-tokens,CLS+SUM,LYR-10,4,"torch.Size([61, 1536])",12,0,,NORMAL,86.82,89.75,94.42,89.23,91.65,95.6,74.26,88.81857142857143
191,deberta-base,CLS+MAX_LYR-10,two-tokens,CLS+MAX,LYR-10,4,"torch.Size([61, 1536])",12,0,,NORMAL,84.88,89.96,93.89,89.16,90.99,94.6,71.25,87.81857142857143
192,deberta-base,CLS+AVG-NS_LYR-10,two-tokens,CLS+AVG-NS,LYR-10,4,"torch.Size([61, 1536])",12,0,,NORMAL,88.26,92.05,96.1,90.44,92.53,96.2,74.72,90.04285714285716
193,deberta-base,CLS+SUM-NS_LYR-10,two-tokens,CLS+SUM-NS,LYR-10,4,"torch.Size([61, 1536])",12,0,,NORMAL,86.72,89.88,94.48,89.18,91.49,95.2,73.33,88.61142857142859
194,deberta-base,CLS+MAX-NS_LYR-10,two-tokens,CLS+MAX-NS,LYR-10,4,"torch.Size([61, 1536])",12,0,,NORMAL,85.14,66.3,93.83,49.64,91.21,94.4,71.25,78.82428571428571
195,deberta-base,AVG+SUM_LYR-10,two-tokens,AVG+SUM,LYR-10,4,"torch.Size([61, 1536])",12,0,,NORMAL,86.79,89.72,94.42,89.25,91.32,95.6,73.8,88.7
196,deberta-base,AVG+MAX_LYR-10,two-tokens,AVG+MAX,LYR-10,4,"torch.Size([61, 1536])",12,0,,NORMAL,87.06,91.21,95.34,89.98,92.37,96.2,72.35,89.2157142857143
197,deberta-base,AVG+AVG-NS_LYR-10,two-tokens,AVG+AVG-NS,LYR-10,4,"torch.Size([61, 1536])",12,0,,NORMAL,88.38,92.03,96.09,90.3,92.59,95.8,73.57,89.82285714285715
198,deberta-base,AVG+SUM-NS_LYR-10,two-tokens,AVG+SUM-NS,LYR-10,4,"torch.Size([61, 1536])",12,0,,NORMAL,86.81,89.83,94.63,89.33,91.49,95.2,73.45,88.67714285714285
199,deberta-base,AVG+MAX-NS_LYR-10,two-tokens,AVG+MAX-NS,LYR-10,4,"torch.Size([61, 1536])",12,0,,NORMAL,87.08,66.41,95.46,49.6,92.48,95.6,71.71,79.76285714285714
200,deberta-base,SUM+MAX_LYR-10,two-tokens,SUM+MAX,LYR-10,4,"torch.Size([61, 1536])",12,0,,NORMAL,86.58,89.91,94.44,89.09,92.2,95.8,74.43,88.92142857142858
201,deberta-base,SUM+AVG-NS_LYR-10,two-tokens,SUM+AVG-NS,LYR-10,4,"torch.Size([61, 1536])",12,0,,NORMAL,86.78,89.86,94.37,89.42,92.15,95.2,73.28,88.72285714285715
202,deberta-base,SUM+SUM-NS_LYR-10,two-tokens,SUM+SUM-NS,LYR-10,4,"torch.Size([61, 1536])",12,0,,NORMAL,86.88,89.78,94.2,89.08,91.54,95.8,73.57,88.69285714285714
203,deberta-base,SUM+MAX-NS_LYR-10,two-tokens,SUM+MAX-NS,LYR-10,4,"torch.Size([61, 1536])",12,0,,NORMAL,86.7,82.91,94.45,49.51,92.04,95.4,73.74,82.10714285714286
204,deberta-base,MAX+AVG-NS_LYR-10,two-tokens,MAX+AVG-NS,LYR-10,4,"torch.Size([61, 1536])",12,0,,NORMAL,87.09,91.42,95.47,89.78,91.87,95.6,71.59,88.97428571428573
205,deberta-base,MAX+SUM-NS_LYR-10,two-tokens,MAX+SUM-NS,LYR-10,4,"torch.Size([61, 1536])",12,0,,NORMAL,86.53,89.83,94.54,89.2,91.65,95.2,74.14,88.72714285714287
206,deberta-base,MAX+MAX-NS_LYR-10,two-tokens,MAX+MAX-NS,LYR-10,4,"torch.Size([61, 1536])",12,0,,NORMAL,84.68,66.22,93.7,49.63,91.16,94.2,70.32,78.55857142857143
207,deberta-base,AVG-NS+SUM-NS_LYR-10,two-tokens,AVG-NS+SUM-NS,LYR-10,4,"torch.Size([61, 1536])",12,0,,NORMAL,86.83,89.8,94.5,89.32,91.65,95.4,73.68,88.74000000000001
208,deberta-base,AVG-NS+MAX-NS_LYR-10,two-tokens,AVG-NS+MAX-NS,LYR-10,4,"torch.Size([61, 1536])",12,0,,NORMAL,87.12,66.28,95.58,49.5,92.2,95.8,73.16,79.94857142857143
209,deberta-base,SUM-NS+MAX-NS_LYR-10,two-tokens,SUM-NS+MAX-NS,LYR-10,4,"torch.Size([61, 1536])",12,0,,NORMAL,86.5,86.15,94.53,49.51,91.93,95.2,73.39,82.45857142857143
210,deberta-base,CLS+AVG_LYR-11,two-tokens,CLS+AVG,LYR-11,4,"torch.Size([61, 1536])",12,0,,NORMAL,88.31,91.58,96.18,90.34,93.3,95.2,74.84,89.96428571428571
211,deberta-base,CLS+SUM_LYR-11,two-tokens,CLS+SUM,LYR-11,4,"torch.Size([61, 1536])",12,0,,NORMAL,87.23,89.14,95.06,89.19,91.93,93.2,71.71,88.20857142857143
212,deberta-base,CLS+MAX_LYR-11,two-tokens,CLS+MAX,LYR-11,4,"torch.Size([61, 1536])",12,0,,NORMAL,84.62,88.11,93.95,88.76,91.1,93.8,71.59,87.41857142857143
213,deberta-base,CLS+AVG-NS_LYR-11,two-tokens,CLS+AVG-NS,LYR-11,4,"torch.Size([61, 1536])",12,0,,NORMAL,88.12,91.55,96.11,90.47,92.48,94.6,75.25,89.79714285714286
214,deberta-base,CLS+SUM-NS_LYR-11,two-tokens,CLS+SUM-NS,LYR-11,4,"torch.Size([61, 1536])",12,0,,NORMAL,87.21,88.5,94.63,89.17,91.87,93.8,72.12,88.18571428571428
215,deberta-base,CLS+MAX-NS_LYR-11,two-tokens,CLS+MAX-NS,LYR-11,4,"torch.Size([61, 1536])",12,0,,NORMAL,84.42,66.09,93.94,42.8,91.21,93.4,72.0,77.69428571428571
216,deberta-base,AVG+SUM_LYR-11,two-tokens,AVG+SUM,LYR-11,4,"torch.Size([61, 1536])",12,0,,NORMAL,87.29,88.93,94.95,89.37,91.54,94.2,71.01,88.18428571428572
217,deberta-base,AVG+MAX_LYR-11,two-tokens,AVG+MAX,LYR-11,4,"torch.Size([61, 1536])",12,0,,NORMAL,87.25,90.07,95.28,89.65,91.76,94.6,72.35,88.70857142857143
218,deberta-base,AVG+AVG-NS_LYR-11,two-tokens,AVG+AVG-NS,LYR-11,4,"torch.Size([61, 1536])",12,0,,NORMAL,88.1,91.39,96.0,90.49,92.81,95.4,74.96,89.87857142857145
219,deberta-base,AVG+SUM-NS_LYR-11,two-tokens,AVG+SUM-NS,LYR-11,4,"torch.Size([61, 1536])",12,0,,NORMAL,87.1,88.5,94.77,89.35,91.71,94.8,72.46,88.38428571428572
220,deberta-base,AVG+MAX-NS_LYR-11,two-tokens,AVG+MAX-NS,LYR-11,4,"torch.Size([61, 1536])",12,0,,NORMAL,87.14,66.17,95.25,42.81,92.2,94.0,72.17,78.53428571428572
221,deberta-base,SUM+MAX_LYR-11,two-tokens,SUM+MAX,LYR-11,4,"torch.Size([61, 1536])",12,0,,NORMAL,87.08,89.19,94.9,88.9,91.32,94.0,71.01,88.05714285714284
222,deberta-base,SUM+AVG-NS_LYR-11,two-tokens,SUM+AVG-NS,LYR-11,4,"torch.Size([61, 1536])",12,0,,NORMAL,87.21,89.01,94.98,89.38,92.48,93.6,71.36,88.28857142857143
223,deberta-base,SUM+SUM-NS_LYR-11,two-tokens,SUM+SUM-NS,LYR-11,4,"torch.Size([61, 1536])",12,0,,NORMAL,87.07,88.8,94.65,89.22,92.09,94.2,73.16,88.4557142857143
224,deberta-base,SUM+MAX-NS_LYR-11,two-tokens,SUM+MAX-NS,LYR-11,4,"torch.Size([61, 1536])",12,0,,NORMAL,86.94,76.05,94.87,74.91,91.93,93.6,71.77,84.29571428571428
225,deberta-base,MAX+AVG-NS_LYR-11,two-tokens,MAX+AVG-NS,LYR-11,4,"torch.Size([61, 1536])",12,0,,NORMAL,87.37,90.41,95.37,89.73,92.48,95.0,73.28,89.09142857142857
226,deberta-base,MAX+SUM-NS_LYR-11,two-tokens,MAX+SUM-NS,LYR-11,4,"torch.Size([61, 1536])",12,0,,NORMAL,86.63,88.8,94.72,89.11,91.71,93.6,71.77,88.04857142857142
227,deberta-base,MAX+MAX-NS_LYR-11,two-tokens,MAX+MAX-NS,LYR-11,4,"torch.Size([61, 1536])",12,0,,NORMAL,84.0,65.93,93.48,57.73,89.79,94.2,70.32,79.35000000000001
228,deberta-base,AVG-NS+SUM-NS_LYR-11,two-tokens,AVG-NS+SUM-NS,LYR-11,4,"torch.Size([61, 1536])",12,0,,NORMAL,87.15,88.56,95.04,89.34,91.76,93.8,71.19,88.11999999999999
229,deberta-base,AVG-NS+MAX-NS_LYR-11,two-tokens,AVG-NS+MAX-NS,LYR-11,4,"torch.Size([61, 1536])",12,0,,NORMAL,87.33,66.22,95.38,42.95,92.2,95.2,72.93,78.88714285714286
230,deberta-base,SUM-NS+MAX-NS_LYR-11,two-tokens,SUM-NS+MAX-NS,LYR-11,4,"torch.Size([61, 1536])",12,0,,NORMAL,86.86,78.94,94.7,42.55,91.76,94.0,72.81,80.23142857142857
231,deberta-base,CLS+AVG_LYR-12,two-tokens,CLS+AVG,LYR-12,4,"torch.Size([61, 1536])",12,0,,NORMAL,86.52,89.43,95.05,89.13,91.1,88.2,68.93,86.90857142857145
232,deberta-base,CLS+SUM_LYR-12,two-tokens,CLS+SUM,LYR-12,4,"torch.Size([61, 1536])",12,0,,NORMAL,86.3,89.35,95.03,88.09,90.17,88.6,68.29,86.54714285714284
233,deberta-base,CLS+MAX_LYR-12,two-tokens,CLS+MAX,LYR-12,4,"torch.Size([61, 1536])",12,0,,NORMAL,81.96,84.18,91.94,86.75,86.27,84.4,70.03,83.64714285714285
234,deberta-base,CLS+AVG-NS_LYR-12,two-tokens,CLS+AVG-NS,LYR-12,4,"torch.Size([61, 1536])",12,0,,NORMAL,86.26,89.56,95.09,89.31,90.5,89.6,68.35,86.95285714285714
235,deberta-base,CLS+SUM-NS_LYR-12,two-tokens,CLS+SUM-NS,LYR-12,4,"torch.Size([61, 1536])",12,0,,NORMAL,85.88,89.43,95.03,88.13,90.23,90.2,68.46,86.76571428571431
236,deberta-base,CLS+MAX-NS_LYR-12,two-tokens,CLS+MAX-NS,LYR-12,4,"torch.Size([61, 1536])",12,0,,NORMAL,81.54,65.88,92.22,72.55,86.82,88.0,70.43,79.63428571428572
237,deberta-base,AVG+SUM_LYR-12,two-tokens,AVG+SUM,LYR-12,4,"torch.Size([61, 1536])",12,0,,NORMAL,86.29,89.38,95.06,88.23,90.39,89.2,68.0,86.65
238,deberta-base,AVG+MAX_LYR-12,two-tokens,AVG+MAX,LYR-12,4,"torch.Size([61, 1536])",12,0,,NORMAL,84.55,87.71,93.59,87.92,89.62,87.6,69.33,85.76
239,deberta-base,AVG+AVG-NS_LYR-12,two-tokens,AVG+AVG-NS,LYR-12,4,"torch.Size([61, 1536])",12,0,,NORMAL,86.4,90.04,95.31,89.25,90.44,91.0,68.7,87.3057142857143
240,deberta-base,AVG+SUM-NS_LYR-12,two-tokens,AVG+SUM-NS,LYR-12,4,"torch.Size([61, 1536])",12,0,,NORMAL,85.95,89.4,95.14,88.21,90.33,88.8,68.93,86.67999999999999
241,deberta-base,AVG+MAX-NS_LYR-12,two-tokens,AVG+MAX-NS,LYR-12,4,"torch.Size([61, 1536])",12,0,,NORMAL,84.35,66.12,93.91,72.7,89.68,88.0,70.03,80.6842857142857
242,deberta-base,SUM+MAX_LYR-12,two-tokens,SUM+MAX,LYR-12,4,"torch.Size([61, 1536])",12,0,,NORMAL,86.34,89.64,95.21,87.96,90.77,88.8,68.23,86.70714285714284
243,deberta-base,SUM+AVG-NS_LYR-12,two-tokens,SUM+AVG-NS,LYR-12,4,"torch.Size([61, 1536])",12,0,,NORMAL,86.48,89.35,94.94,88.61,90.17,89.8,68.35,86.81428571428572
244,deberta-base,SUM+SUM-NS_LYR-12,two-tokens,SUM+SUM-NS,LYR-12,4,"torch.Size([61, 1536])",12,0,,NORMAL,86.07,89.35,95.02,88.15,90.61,88.2,68.29,86.52714285714286
245,deberta-base,SUM+MAX-NS_LYR-12,two-tokens,SUM+MAX-NS,LYR-12,4,"torch.Size([61, 1536])",12,0,,NORMAL,86.32,66.78,95.15,72.58,90.23,87.6,68.0,80.95142857142856
246,deberta-base,MAX+AVG-NS_LYR-12,two-tokens,MAX+AVG-NS,LYR-12,4,"torch.Size([61, 1536])",12,0,,NORMAL,84.61,88.19,93.77,88.75,90.61,85.8,69.22,85.85000000000001
247,deberta-base,MAX+SUM-NS_LYR-12,two-tokens,MAX+SUM-NS,LYR-12,4,"torch.Size([61, 1536])",12,0,,NORMAL,85.96,89.38,95.25,88.11,90.61,90.2,68.58,86.87
248,deberta-base,MAX+MAX-NS_LYR-12,two-tokens,MAX+MAX-NS,LYR-12,4,"torch.Size([61, 1536])",12,0,,NORMAL,81.24,65.82,91.82,69.31,86.0,86.4,70.14,78.67571428571429
249,deberta-base,AVG-NS+SUM-NS_LYR-12,two-tokens,AVG-NS+SUM-NS,LYR-12,4,"torch.Size([61, 1536])",12,0,,NORMAL,86.11,89.48,95.22,88.48,90.39,89.0,68.41,86.72714285714287
250,deberta-base,AVG-NS+MAX-NS_LYR-12,two-tokens,AVG-NS+MAX-NS,LYR-12,4,"torch.Size([61, 1536])",12,0,,NORMAL,84.47,66.09,94.1,72.76,90.44,88.8,69.04,80.81428571428572
251,deberta-base,SUM-NS+MAX-NS_LYR-12,two-tokens,SUM-NS+MAX-NS,LYR-12,4,"torch.Size([61, 1536])",12,0,,NORMAL,86.08,66.41,95.05,72.32,90.94,89.4,68.35,81.22142857142858
